,playerID,num_seasons,G,AB,Runs,Hits,Doubles,Triples,HR,RBI,SB,BB,SO,nameFirst,nameLast,weight,height,bats,throws,pos,category,AVG,OBP,SLG
5659,millewa02,8,769,2244,322,623,79,35,8,221.0,128.0,318,244.0,Ward,Miller,177.0,71.0,L,R,OF,N,0.277629233511586,0.367291178766589,0.354723707664884
3164,gosgeji01,11,705,1815,197,411,67,16,30,177.0,25.0,217,316.0,Jim,Gosger,185.0,71.0,L,L,OF,N,0.22644628099173603,0.30905511811023606,0.330578512396694
7535,servasc01,10,820,2493,243,611,130,2,63,319.0,3.0,183,407.0,Scott,Servais,195.0,74.0,R,R,C,N,0.24508624147613298,0.29671150971599397,0.37464901724829497
1396,cepedor01,16,2124,7927,1131,2351,417,27,379,1365.0,142.0,588,1169.0,Orlando,Cepeda,210.0,74.0,R,R,1B,Player,0.29658130440267405,0.345155607751028,0.49943231991926296
4838,lindsfr01,12,1438,5611,895,1747,301,81,103,779.0,84.0,334,276.0,Freddie,Lindstrom,170.0,71.0,R,R,3B,Player,0.311352700053466,0.350042052144659,0.44893958296203906
2780,fregoji01,17,1902,6523,844,1726,264,78,151,706.0,76.0,715,1097.0,Jim,Fregosi,190.0,73.0,R,R,SS,N,0.26460217691246396,0.337247858524454,0.398436302314886
4222,jonesma01,10,1002,3091,485,778,132,31,133,415.0,65.0,383,756.0,Mack,Jones,180.0,73.0,L,R,OF,N,0.251698479456487,0.33419689119171003,0.443545778065351
4472,knabeot01,11,1278,4469,572,1103,178,48,8,365.0,143.0,485,326.0,Otto,Knabe,175.0,68.0,R,R,2B,N,0.24681136719624103,0.3205490512717,0.313492951443276
2104,denorch01,10,808,2162,289,587,103,17,41,196.0,56.0,187,408.0,Chris,Denorfia,195.0,72.0,R,R,OF,N,0.271507863089732,0.32950191570881204,0.391766882516189
7261,ryanji01,18,2014,8172,1643,2513,451,157,118,1093.0,,804,491.0,Jimmy,Ryan,162.0,69.0,R,L,OF,N,0.307513460597161,0.369540998217469,0.444444444444444
9057,wolfji01,10,1196,4959,779,1439,212,109,18,,,229,,Chicken,Wolf,190.0,69.0,R,R,OF,N,0.290179471667675,0.321511179645335,0.38777979431337
7439,schmiwa01,9,766,2411,216,619,63,20,3,234.0,57.0,137,105.0,Walter,Schmidt,159.0,69.0,R,R,C,N,0.256739941932808,0.29670329670329704,0.30319369556200704
1000,brownje01,9,982,3190,431,866,135,25,23,288.0,73.0,393,325.0,Jerry,Browne,140.0,70.0,B,R,2B,N,0.271473354231975,0.35138152386268495,0.351097178683386
8937,willibi01,17,2488,9350,1410,2711,434,88,426,1475.0,90.0,1045,1046.0,Billy,Williams,175.0,73.0,L,R,OF,Player,0.28994652406417104,0.36132756132756105,0.491871657754011
7840,snydeco02,8,1068,3656,439,902,178,13,149,488.0,28.0,226,992.0,Cory,Snyder,175.0,76.0,R,R,OF,N,0.24671772428884,0.290571870170015,0.42478118161925604
8100,sugdejo01,19,836,2729,303,696,72,25,3,283.0,48.0,220,,Joe,Sugden,180.0,70.0,B,R,C,N,0.25503847563209997,0.310613767378772,0.303041407108831
7702,sislege01,15,2055,8267,1284,2812,425,164,102,1175.0,375.0,472,327.0,George,Sisler,170.0,71.0,L,L,1B,Player,0.34014757469456897,0.375786703284129,0.46824724809483503
7855,sojolu01,13,848,2571,300,671,103,12,36,261.0,28.0,124,198.0,Luis,Sojo,172.0,71.0,R,R,2B,N,0.26098794243485,0.294990723562152,0.35239206534422396
2665,fletcel01,15,1415,4879,723,1323,228,58,79,616.0,32.0,851,495.0,Elbie,Fletcher,180.0,72.0,L,L,1B,N,0.27116212338594003,0.37940663176265293,0.390243902439024
7831,snodgfr01,8,923,3101,453,852,143,42,11,351.0,212.0,386,365.0,Fred,Snodgrass,175.0,71.0,R,R,OF,N,0.27475008061915496,0.35503297963865793,0.35859400193485996
2285,dressch01,8,646,2215,313,603,123,29,11,221.0,30.0,219,118.0,Chuck,Dressen,146.0,65.0,R,R,3B,N,0.27223476297968396,0.33771569433032,0.368848758465011
212,ansonca01,26,2524,10281,1999,3435,582,142,97,2075.0,,984,330.0,Cap,Anson,227.0,72.0,R,R,1B,Player,0.334111467756055,0.39227696404793605,0.446649158642155
3253,grichbo01,16,2008,6890,1033,1833,320,47,224,864.0,104.0,1087,1278.0,Bobby,Grich,180.0,74.0,R,R,2B,N,0.266037735849057,0.36605240065187394,0.42365747460087105
2262,downibr01,19,2344,7853,1188,2099,360,28,275,1073.0,50.0,1197,1127.0,Brian,Downing,170.0,70.0,R,R,OF,N,0.267286387367885,0.364198895027624,0.42531516617853
1791,crandde01,17,1573,5026,585,1276,179,18,179,657.0,26.0,424,477.0,Del,Crandall,180.0,73.0,R,R,C,N,0.253879824910466,0.31192660550458695,0.40350179068842
8919,wilforo01,10,959,2690,318,668,97,23,39,261.0,54.0,205,387.0,Rob,Wilfong,180.0,73.0,L,R,2B,N,0.248327137546468,0.301554404145078,0.34498141263940507
3369,hairssc01,10,923,2431,300,589,133,17,106,313.0,36.0,175,577.0,Scott,Hairston,200.0,72.0,R,R,OF,N,0.24228712464006602,0.293169608595549,0.44179350061703004
7344,santafp01,6,665,1691,258,415,87,14,21,162.0,37.0,240,319.0,F. P.,Santangelo,165.0,70.0,B,R,2B,N,0.24541691306919,0.339202485758674,0.350680070963927
3037,ginsbjo01,14,695,1716,168,414,59,8,20,182.0,7.0,226,135.0,Joe,Ginsberg,180.0,71.0,L,R,C,N,0.24125874125874103,0.329557157569516,0.31993006993007
1863,cruzde01,8,1234,4124,442,1109,250,16,70,464.0,16.0,132,429.0,Deivi,Cruz,160.0,71.0,R,R,SS,N,0.268913676042677,0.291588345864662,0.38821532492725497
6361,parkeda01,18,2466,9358,1272,2712,526,75,339,1493.0,154.0,683,1537.0,Dave,Parker,230.0,77.0,L,R,OF,N,0.289805513998718,0.33811373369186304,0.47072023936738594
7399,schalra01,17,1762,5306,579,1345,199,49,11,594.0,177.0,638,,Ray,Schalk,165.0,69.0,R,R,C,Player,0.253486618921975,0.333613728129206,0.315680361854504
6852,reedje02,16,1234,3101,311,774,144,10,61,323.0,7.0,391,566.0,Jeff,Reed,190.0,74.0,L,R,C,N,0.24959690422444394,0.333619702176403,0.36149629151886503
8432,traynpi01,17,1941,7559,1183,2416,371,164,58,1273.0,158.0,472,278.0,Pie,Traynor,170.0,72.0,R,R,3B,Player,0.31961899722185494,0.35960652471672294,0.435110464347136
7185,rosepe01,23,3562,14053,2165,4256,746,135,160,1314.0,198.0,1566,1143.0,Pete,Rose,192.0,71.0,B,R,OF,N,0.30285348324201194,0.372751136436392,0.40930762114850894
7101,rodriiv01,20,2543,9592,1354,2844,572,51,311,1332.0,127.0,513,1474.0,Ivan,Rodriguez,205.0,69.0,R,R,C,Player,0.29649708090075105,0.332211776348342,0.464032527105922
6085,nixontr01,12,1092,3627,579,995,222,28,137,555.0,30.0,504,689.0,Trot,Nixon,195.0,73.0,L,L,OF,N,0.274331403363661,0.362866134107964,0.46429556106975506
8311,thomale03,7,1027,3324,405,847,111,22,106,428.0,25.0,332,397.0,Lee,Thomas,195.0,74.0,L,R,1B,N,0.254813477737665,0.32248358862144394,0.397111913357401
642,bertore01,9,612,1745,204,425,60,10,27,171.0,16.0,142,252.0,Reno,Bertoia,185.0,71.0,R,R,3B,N,0.24355300859598897,0.300476947535771,0.335816618911175
7293,salmoch01,8,658,1667,202,415,70,6,31,149.0,46.0,89,233.0,Chico,Salmon,160.0,70.0,R,R,1B,N,0.248950209958008,0.287015945330296,0.353929214157169
540,bellbe01,6,767,2718,378,806,165,32,46,437.0,11.0,272,239.0,Beau,Bell,185.0,74.0,R,R,OF,N,0.29654157468727005,0.360535117056856,0.431567328918322
8730,wanerpa01,19,2549,9459,1627,3152,605,191,113,1309.0,104.0,1091,376.0,Paul,Waner,153.0,68.0,L,L,OF,Player,0.333227613912676,0.40218009478672995,0.47341156570461995
1730,cordewi01,13,1247,4311,587,1178,261,19,122,566.0,49.0,325,775.0,Wil,Cordero,185.0,74.0,R,R,OF,N,0.273254465321271,0.32420189818809303,0.42751101832521504
6251,orourji01,32,1999,8503,1729,2639,468,149,62,1208.0,,513,362.0,Jim,O'Rourke,185.0,68.0,R,R,C,Player,0.310361049041515,0.349600709849157,0.422321533576385
7854,sogarer01,8,584,1556,182,370,70,8,11,125.0,35.0,149,229.0,Eric,Sogard,180.0,69.0,L,R,2B,N,0.23778920308483303,0.30439882697947196,0.31426735218509005
3856,hopkiga01,6,514,1219,142,324,47,6,25,145.0,6.0,160,83.0,Gail,Hopkins,198.0,70.0,L,R,1B,N,0.265791632485644,0.35097897026831,0.37571780147662
7542,seweljo01,13,1903,7132,1141,2226,436,68,49,1055.0,74.0,842,114.0,Joe,Sewell,155.0,66.0,L,R,SS,Player,0.31211441390914196,0.38475043892651095,0.41292765002804294
2013,daviskh01,5,775,2726,425,676,143,8,193,497.0,18.0,261,814.0,Khris,Davis,195.0,70.0,R,R,OF,N,0.247982391782832,0.313692668228992,0.518708730741012
2119,deshide01,12,1615,5779,872,1548,244,74,80,561.0,463.0,754,1061.0,Delino,DeShields,170.0,73.0,L,R,2B,N,0.2678664128742,0.35236491657737606,0.377227894099325
5778,moranhe01,7,595,2177,300,527,60,26,2,135.0,103.0,264,179.0,Herbie,Moran,150.0,65.0,L,R,OF,N,0.24207625172255398,0.324047521507579,0.296279283417547
8205,tartada01,13,1406,5011,756,1366,289,22,262,925.0,37.0,768,1362.0,Danny,Tartabull,185.0,73.0,R,R,OF,N,0.272600279385352,0.36926803945319303,0.495909000199561
7775,smithha09,9,570,1697,126,437,63,8,23,172.0,6.0,102,128.0,Hal,Smith,186.0,70.0,R,R,C,N,0.25751325869180897,0.29961089494163395,0.34472598703594604
6054,nicolhu01,9,888,3465,631,813,91,29,5,,,337,,Hugh,Nicol,145.0,64.0,R,R,OF,N,0.234632034632035,0.302472382956339,0.281962481962482
4422,kinerra01,9,1472,5205,971,1451,216,39,369,1015.0,22.0,1011,749.0,Ralph,Kiner,195.0,74.0,R,R,OF,Player,0.278770413064361,0.396074646074646,0.547934678194044
7549,seyboso01,9,997,3685,478,1085,218,54,51,556.0,66.0,293,298.0,Socks,Seybold,175.0,71.0,R,R,OF,N,0.29443690637720504,0.34640522875817004,0.42442333785617403
2830,gagnegr01,14,1798,5673,712,1440,296,50,111,604.0,108.0,367,1121.0,Greg,Gagne,185.0,71.0,R,R,SS,N,0.253833950290851,0.299172185430464,0.38233738762559494
5576,metkoca01,11,1055,3585,476,934,167,36,47,373.0,61.0,307,359.0,George,Metkovich,185.0,73.0,L,L,OF,N,0.260529986052999,0.318859198355601,0.36652719665272
7015,riverlu01,12,781,2215,249,516,114,12,28,209.0,20.0,171,443.0,Luis,Rivera,165.0,69.0,R,R,SS,N,0.23295711060948104,0.287929589270746,0.333182844243792
5303,mcaleji01,18,1021,3981,620,1008,114,40,11,469.0,262.0,365,329.0,Jimmy,McAleer,175.0,72.0,R,R,OF,N,0.253202712886209,0.31592268752876196,0.31022356191911604
7706,sizemte01,11,1411,5011,577,1311,188,21,23,430.0,59.0,469,350.0,Ted,Sizemore,165.0,70.0,R,R,2B,N,0.261624426262223,0.32481751824817495,0.32129315505886996
6683,prattde01,12,1836,6826,856,1996,392,117,43,970.0,247.0,513,,Del,Pratt,175.0,71.0,R,R,2B,N,0.292411368297685,0.341872189671617,0.4030178728391439
6160,oconnja01,23,1452,5383,714,1418,201,66,19,738.0,219.0,302,,Jack,O'Connor,170.0,70.0,R,R,C,N,0.26342188370797,0.302550571679859,0.335872190228497
1624,colliji01,13,1725,6795,1055,1999,352,116,65,983.0,194.0,426,266.0,Jimmy,Collins,178.0,69.0,R,R,3B,Player,0.29418690213392196,0.335826062872178,0.40883002207505503
2751,francte01,9,708,1731,163,474,74,6,16,143.0,12.0,65,119.0,Terry,Francona,190.0,73.0,L,L,1B,N,0.27383015597920296,0.30011135857460997,0.35124205661467406
2623,fischmi01,10,517,941,109,207,29,6,3,68.0,24.0,92,142.0,Mike,Fischlin,165.0,73.0,R,R,SS,N,0.21997874601487802,0.28944820909971003,0.273113708820404
4958,lucrojo01,8,1101,3828,451,1060,206,23,100,509.0,30.0,339,607.0,Jonathan,Lucroy,200.0,72.0,R,R,C,N,0.276907001044932,0.33573314134869203,0.42110762800417995
2117,desauge01,16,712,2012,211,469,73,11,3,187.0,12.0,232,168.0,Gene,Desautels,170.0,71.0,R,R,C,N,0.23310139165009902,0.312388591800356,0.284791252485089
7910,spikech01,8,670,2039,240,502,72,12,65,256.0,27.0,154,388.0,Charlie,Spikes,215.0,75.0,R,R,OF,N,0.246199117214321,0.299133606931145,0.388916135360471
6486,perezto01,22,2777,9778,1272,2732,505,79,379,1652.0,49.0,925,1867.0,Tony,Perez,175.0,74.0,R,R,1B,Player,0.279402740846799,0.341679902830982,0.463489466148497
8045,stonejo01,10,1200,4494,739,1391,268,105,77,707.0,45.0,463,352.0,John,Stone,178.0,73.0,L,R,OF,N,0.30952380952381,0.374016542263466,0.46728971962616794
8985,wilmowa01,10,962,3988,727,1100,152,92,58,594.0,383.0,350,233.0,Walt,Wilmot,165.0,69.0,B,R,OF,N,0.27582748244734195,0.334255417242969,0.403711133400201
1046,bryankr01,3,559,2100,378,598,132,15,107,326.0,30.0,295,588.0,Kris,Bryant,230.0,77.0,R,R,1B,N,0.28476190476190505,0.37286012526096,0.514761904761905
5135,maranra01,23,2670,10078,1255,2605,380,177,28,884.0,291.0,839,756.0,Rabbit,Maranville,155.0,65.0,R,R,SS,Player,0.258483826155983,0.315471283319593,0.33965072435006893
6261,orsater01,8,701,2165,306,663,129,39,10,237.0,46.0,176,218.0,Ernie,Orsatti,154.0,67.0,L,L,OF,N,0.30623556581986106,0.358393848782572,0.415704387990762
6794,ramoswi01,8,760,2726,282,745,121,2,109,426.0,0.0,182,502.0,Wilson,Ramos,245.0,73.0,R,R,C,N,0.273294203961849,0.31877579092159597,0.439104915627293
2379,easlemi01,14,1151,3677,465,1078,189,25,118,522.0,20.0,321,696.0,Mike,Easler,190.0,72.0,L,R,OF,N,0.293173782975252,0.349924962481241,0.45444655969540404
7761,smithel02,11,1012,3195,469,881,181,62,70,541.0,54.0,319,359.0,Elmer,Smith,165.0,70.0,L,R,OF,N,0.275743348982786,0.341491178144565,0.436932707355243
5996,needhto01,10,523,1491,113,311,50,10,8,117.0,20.0,109,187.0,Tom,Needham,180.0,70.0,R,R,C,N,0.20858484238765898,0.2625,0.271629778672032
2158,dickebi01,18,1789,6300,930,1969,343,72,202,1209.0,37.0,678,289.0,Bill,Dickey,185.0,73.0,L,R,C,Player,0.312539682539683,0.379335053023789,0.48603174603174604
4612,lajoina01,20,2480,9590,1504,3243,657,163,82,1599.0,380.0,516,,Nap,Lajoie,195.0,73.0,R,R,2B,Player,0.338164754953076,0.37195725311696,0.46631908237747705
1736,corkhpo01,9,1086,4404,650,1120,110,80,31,631.0,,174,,Pop,Corkhill,180.0,70.0,L,R,OF,N,0.254314259763851,0.28265618173875107,0.336739327883742
3365,hahned01,5,553,2045,291,484,42,20,1,122.0,61.0,258,114.0,Ed,Hahn,160.0,,L,R,OF,N,0.236674816625917,0.32218844984802397,0.278239608801956
712,blancjo01,10,516,1193,137,285,36,2,67,200.0,2.0,136,163.0,Johnny,Blanchard,193.0,73.0,L,R,C,N,0.23889354568315196,0.316779533483822,0.440905280804694
6334,paglimi01,11,1246,3901,462,942,206,18,134,505.0,18.0,343,785.0,Mike,Pagliarulo,205.0,73.0,L,R,3B,N,0.241476544475775,0.302780395852969,0.406562419892335
5746,moorech02,14,1334,4033,456,1052,187,43,36,408.0,51.0,346,470.0,Charlie,Moore,180.0,71.0,R,R,C,N,0.26084800396727,0.319250970541219,0.35531862137366704
1939,dalyto01,19,1568,5701,1025,1583,262,103,49,,,687,,Tom,Daly,170.0,67.0,B,R,2B,N,0.277670584108051,0.35535378835316206,0.38554639536923296
8264,templjo01,12,1420,5218,720,1484,208,36,22,395.0,140.0,648,338.0,Johnny,Temple,175.0,71.0,R,R,2B,N,0.284400153315447,0.36345039209001007,0.350709083940207
3449,hansero02,14,1384,4311,446,1007,156,17,106,501.0,9.0,551,643.0,Ron,Hansen,190.0,75.0,R,R,SS,N,0.23358849454882896,0.320444261620732,0.35142658315936
492,bayja01,10,1278,4505,737,1200,240,30,222,754.0,95.0,636,1216.0,Jason,Bay,210.0,74.0,R,R,OF,N,0.266370699223085,0.357128963236724,0.480799112097669
4706,lawva01,11,1212,3802,453,972,193,26,71,442.0,34.0,408,602.0,Vance,Law,185.0,74.0,R,R,3B,N,0.255654918463966,0.327790973871734,0.37611783271962107
9186,zernigu01,10,1234,4131,572,1093,159,22,237,776.0,15.0,383,755.0,Gus,Zernial,210.0,74.0,R,R,OF,N,0.264584846284193,0.32698272042534304,0.485838779956427
217,aokino01,5,759,2716,377,774,135,22,33,219.0,98.0,234,258.0,Nori,Aoki,180.0,69.0,L,R,OF,N,0.284977908689249,0.341694915254237,0.38733431516936695
4869,loberha01,14,1317,4563,640,1252,159,82,32,482.0,316.0,395,302.0,Hans,Lobert,170.0,69.0,R,R,3B,N,0.274380889765505,0.332190399354578,0.36620644312952005
3220,greenbi01,8,574,2170,381,490,56,26,8,,,201,,Bill,Greenwood,180.0,67.0,B,L,2B,N,0.22580645161290303,0.291438211725011,0.286635944700461
3182,gradymi01,12,922,3008,489,884,155,67,35,461.0,114.0,311,276.0,Mike,Grady,190.0,71.0,R,R,C,N,0.293882978723404,0.36004820729135295,0.42486702127659604
8551,valenjo03,15,1678,5539,872,1348,302,41,249,816.0,136.0,630,1294.0,Jose,Valentin,175.0,70.0,B,R,SS,N,0.24336522838057398,0.32063543524071997,0.44755371005596706
6015,nelsoro01,12,620,1394,186,347,61,14,31,173.0,7.0,130,94.0,Rocky,Nelson,175.0,70.0,L,L,1B,N,0.248923959827834,0.312992125984252,0.37948350071736
6004,neisbe01,7,677,1825,297,496,84,18,25,210.0,46.0,201,186.0,Bernie,Neis,160.0,67.0,B,R,OF,N,0.271780821917808,0.344027640671273,0.37863013698630105
7856,solaito01,11,525,1316,164,336,66,1,50,203.0,2.0,214,345.0,Tony,Solaita,210.0,72.0,L,L,1B,N,0.25531914893617,0.35947712418300704,0.4209726443769001
9027,winfida01,22,2973,11003,1669,3110,540,88,465,1833.0,223.0,1216,1686.0,Dave,Winfield,220.0,78.0,R,R,OF,Player,0.28265018631282396,0.354038792045176,0.474506952649277
7973,stearec01,9,509,2025,295,491,72,36,8,,,173,,Dan,Stearns,185.0,73.0,L,R,1B,N,0.24246913580246898,0.30209281164695195,0.325432098765432
1605,colemjo01,7,629,2508,332,645,88,56,7,,,152,,John,Coleman,170.0,69.0,L,R,OF,N,0.257177033492823,0.299624060150376,0.345295055821372
4895,lombaer01,16,1853,5855,601,1792,277,27,190,990.0,8.0,430,262.0,Ernie,Lombardi,230.0,75.0,R,R,C,Player,0.306063193851409,0.35354017501988894,0.45994876174210103
1257,canoro01,13,2078,8112,1188,2470,534,33,311,1233.0,51.0,582,1096.0,Robinson,Cano,210.0,72.0,L,R,2B,N,0.30448717948717896,0.351046698872786,0.493466469428008
8025,stewash01,13,1386,5574,853,1653,315,41,115,580.0,196.0,504,684.0,Shannon,Stewart,175.0,72.0,R,R,OF,N,0.29655543595263695,0.35488647581441296,0.42967348403301003
7829,snidetr01,7,630,1783,214,435,100,7,54,212.0,22.0,167,492.0,Travis,Snider,235.0,72.0,L,L,OF,N,0.243970835670219,0.308717948717949,0.39876612450925397
8986,wilsoar01,13,812,2056,237,536,96,22,24,226.0,50.0,292,295.0,Art,Wilson,170.0,68.0,R,R,C,N,0.260700389105058,0.352640545144804,0.36381322957198403
8092,stynech01,9,828,2326,351,640,118,9,51,265.0,49.0,191,308.0,Chris,Stynes,175.0,69.0,R,R,2B,N,0.275150472914875,0.33015494636472,0.39939810834049894
6073,nilesha01,4,608,2270,279,561,58,24,12,152.0,107.0,163,202.0,Harry,Niles,175.0,68.0,R,R,OF,N,0.24713656387665198,0.29757501027538,0.309691629955947
7216,roystje01,15,1428,4208,552,1049,165,33,40,352.0,189.0,411,534.0,Jerry,Royster,165.0,72.0,R,R,3B,N,0.249287072243346,0.316085732842607,0.332699619771863
7933,staintu01,12,817,2261,284,585,90,14,17,204.0,27.0,64,213.0,Tuck,Stainback,175.0,71.0,R,R,OF,N,0.258735072976559,0.279139784946237,0.333480760725343
6651,posadjo01,16,1829,6092,900,1664,379,10,275,1065.0,20.0,936,1453.0,Jorge,Posada,215.0,74.0,B,R,C,N,0.273145108338805,0.36994877632327794,0.474064346684176
4991,luzingr01,14,1821,6505,880,1795,344,24,307,1128.0,37.0,845,1495.0,Greg,Luzinski,220.0,73.0,R,R,OF,N,0.27594158339738695,0.35918367346938795,0.47778631821675605
7190,rossco01,12,1073,3453,449,904,211,13,132,508.0,33.0,282,800.0,Cody,Ross,195.0,71.0,R,L,OF,N,0.26180133217492,0.31753681392235605,0.44512018534607595
4793,leslisa01,9,822,2460,311,749,123,28,36,389.0,14.0,216,118.0,Sam,Leslie,192.0,72.0,L,L,1B,N,0.304471544715447,0.360612855007474,0.421138211382114
4506,koenima01,11,1162,4271,572,1190,195,49,28,443.0,31.0,222,190.0,Mark,Koenig,180.0,72.0,B,R,SS,N,0.278623273238118,0.314266636990875,0.36689299929758795
3118,gonzaju03,16,1689,6556,1061,1936,388,25,434,1404.0,26.0,457,1273.0,Juan,Gonzalez,175.0,75.0,R,R,OF,N,0.295302013422819,0.34122344217881106,0.5607077486272121
8885,whitejo01,12,878,2652,456,678,83,42,8,229.0,92.0,386,276.0,Jo-Jo,White,165.0,71.0,L,R,OF,N,0.255656108597285,0.350230414746544,0.32767722473604805
7487,scottlu01,8,889,2810,370,725,181,20,135,436.0,17.0,334,662.0,Luke,Scott,220.0,72.0,L,R,OF,N,0.258007117437722,0.33683206106870195,0.480782918149466
4367,kempst01,11,1168,4058,581,1128,179,25,130,634.0,39.0,576,605.0,Steve,Kemp,195.0,72.0,L,L,OF,N,0.277969443075407,0.367716875269745,0.43050763923114793
4326,kellech01,13,1170,3790,725,1085,166,72,189,760.0,45.0,784,499.0,Charlie,Keller,185.0,70.0,L,R,OF,N,0.28627968337730897,0.408613904678618,0.5176781002638521
6717,puntoni01,13,1163,3253,421,798,141,27,19,263.0,104.0,386,651.0,Nick,Punto,195.0,69.0,B,R,SS,N,0.245312019674147,0.325364111019511,0.32277897325545696
4275,jurgebi01,16,1816,6253,721,1613,245,55,43,656.0,36.0,568,530.0,Billy,Jurges,175.0,71.0,R,R,SS,N,0.25795618103310397,0.319747837560475,0.33535902766672
57,agnewsa01,6,563,1537,105,314,41,14,2,98.0,29.0,102,216.0,Sam,Agnew,185.0,71.0,R,R,C,N,0.204294079375407,0.253813300793167,0.253090435914118
5013,macfami01,12,1164,3602,458,906,221,17,129,514.0,12.0,295,700.0,Mike,Macfarlane,200.0,73.0,R,R,C,N,0.25152692948362,0.30818578393636104,0.42976124375346997
3280,groatdi01,15,1929,7484,829,2138,352,67,39,707.0,14.0,490,512.0,Dick,Groat,180.0,71.0,R,R,SS,N,0.28567610903260304,0.329571106094808,0.366247995724212
5292,maynebr01,14,1279,3614,359,951,178,8,38,403.0,18.0,370,580.0,Brent,Mayne,195.0,73.0,L,R,C,N,0.263143331488655,0.331576305220884,0.348367459878251
5124,mantlmi01,17,2401,8102,1677,2415,344,72,536,1509.0,153.0,1733,1710.0,Mickey,Mantle,195.0,71.0,B,R,OF,Player,0.29807454949395196,0.421759023894255,0.5567761046655151
8897,whitfte01,12,730,1913,233,537,93,12,33,179.0,18.0,138,288.0,Terry,Whitfield,197.0,73.0,L,R,OF,N,0.28071092524830105,0.32910775231594297,0.39362258233141706
2370,dysonja01,8,728,1917,296,481,65,34,14,143.0,220.0,181,348.0,Jarrod,Dyson,165.0,70.0,L,R,OF,N,0.250912884715702,0.315538608198284,0.34220135628586307
3624,henderi01,24,3081,10961,2295,3055,510,66,297,1115.0,1406.0,2190,1694.0,Rickey,Henderson,180.0,70.0,R,L,OF,Player,0.278715445671015,0.39882898638886793,0.41857494754128294
6724,putnapa01,7,677,1989,223,508,95,8,63,255.0,10.0,144,260.0,Pat,Putnam,205.0,72.0,L,R,1B,N,0.25540472599296105,0.305672761368964,0.40623428858723
1620,collied01,24,2826,9949,1821,3315,438,187,47,1300.0,741.0,1499,,Eddie,Collins,175.0,69.0,L,R,2B,Player,0.333199316514223,0.42051013277428395,0.428987837973666
627,berrayo01,19,2120,7555,1175,2150,321,49,358,1430.0,30.0,704,414.0,Yogi,Berra,185.0,67.0,L,R,C,Player,0.28457974851092,0.345562416757477,0.48219722038385204
4597,lacocpe01,8,715,1729,214,444,86,11,27,224.0,8.0,182,171.0,Pete,LaCock,200.0,74.0,L,L,OF,N,0.25679583574320397,0.327577184720042,0.36610757663389204
6955,richabo01,11,1412,5386,643,1432,196,37,34,390.0,73.0,262,243.0,Bobby,Richardson,170.0,69.0,R,R,2B,N,0.26587448941700703,0.29992917847025496,0.334942443371704
287,averiea01,12,1668,6353,1224,2019,401,128,238,1164.0,70.0,774,518.0,Earl,Averill,172.0,69.0,L,R,OF,Player,0.317802612938769,0.39188999579065503,0.533606170313238
8316,thomeji01,21,2543,8422,1583,2328,451,26,612,1699.0,19.0,1747,2548.0,Jim,Thome,250.0,76.0,L,R,1B,Player,0.276418902873427,0.40072770183892203,0.554143908810259
7875,sotoge01,12,797,2522,308,619,146,4,108,361.0,3.0,311,673.0,Geovany,Soto,225.0,73.0,R,R,C,N,0.245440126883426,0.32827391457818605,0.434972244250595
798,boonebr01,13,1780,6683,927,1775,366,28,252,1021.0,94.0,552,1295.0,Bret,Boone,180.0,70.0,R,R,2B,N,0.265599281759689,0.321630960608155,0.441867424809217
991,browned02,8,790,2902,341,878,170,33,16,407.0,29.0,127,109.0,Eddie,Brown,190.0,75.0,R,R,OF,N,0.30254996554100605,0.33179267084846503,0.40041350792556896
9163,youngro01,9,1211,4627,812,1491,236,93,42,592.0,153.0,550,390.0,Ross,Youngs,162.0,68.0,L,R,OF,Player,0.322239031770045,0.394243770523469,0.440674303004106
5845,mossle01,12,824,2234,210,552,75,4,63,276.0,1.0,282,316.0,Les,Moss,205.0,71.0,R,R,C,N,0.24709042076991897,0.33147853736089,0.36884512085944504
7753,smithdw01,7,813,1807,244,497,88,20,46,226.0,42.0,150,334.0,Dwight,Smith,175.0,71.0,L,R,OF,N,0.275041505257333,0.330608073582013,0.422246817930271
2715,fordle01,9,519,1585,235,425,83,10,35,176.0,48.0,154,249.0,Lew,Ford,200.0,72.0,R,R,OF,N,0.26813880126183,0.332949971247844,0.39936908517350206
7906,spierbi01,12,1252,3408,477,922,158,35,37,388.0,97.0,355,496.0,Bill,Spiers,190.0,74.0,L,R,SS,N,0.270539906103286,0.33935689609354197,0.37001173708920204
6010,nelsoda01,9,813,2578,340,630,77,19,20,211.0,187.0,220,392.0,Dave,Nelson,160.0,70.0,R,R,2B,N,0.244375484871994,0.30378842030021397,0.31225756400310306
3153,gordosi01,14,1475,4992,735,1415,220,43,202,805.0,19.0,731,356.0,Sid,Gordon,185.0,70.0,R,R,OF,N,0.283453525641026,0.37497815830857895,0.4661458333333329
5295,maypi01,4,665,2215,210,610,102,11,4,215.0,13.0,261,121.0,Pinky,May,165.0,71.0,R,R,3B,N,0.275395033860045,0.351777059773829,0.336794582392777
8469,tucketo01,12,1688,6482,1084,1882,240,85,42,932.0,352.0,481,394.0,Tommy,Tucker,165.0,71.0,B,R,1B,N,0.290342486886763,0.33936521614246695,0.37303301450169707
7658,sievero01,16,1887,6387,945,1703,292,42,318,1147.0,14.0,841,920.0,Roy,Sievers,195.0,73.0,R,R,1B,N,0.266635353060905,0.351964582180409,0.4748708313762329
4201,jonesch06,19,2499,8984,1619,2726,549,38,468,1623.0,150.0,1512,1409.0,Chipper,Jones,210.0,76.0,B,R,3B,Player,0.303428317008014,0.403772865853659,0.5292742653606409
5293,mayoed01,12,834,3013,350,759,119,16,26,287.0,29.0,257,175.0,Eddie,Mayo,178.0,71.0,L,R,3B,N,0.25190839694656497,0.310703363914373,0.32791237968801895
3650,hermabi01,16,1922,7707,1163,2345,486,82,47,839.0,67.0,737,428.0,Billy,Herman,180.0,71.0,R,R,2B,Player,0.304268846503179,0.364992894362861,0.4069028156221621
1604,colemje01,8,723,2119,267,558,77,18,16,217.0,22.0,235,218.0,Jerry,Coleman,165.0,72.0,R,R,2B,N,0.263331760264276,0.33687340696686496,0.33931099575271395
6049,nichore01,7,540,1160,156,308,63,8,22,131.0,27.0,99,149.0,Reid,Nichols,165.0,71.0,R,R,OF,N,0.26551724137931,0.32327243844320896,0.39051724137931
6935,reynorj01,7,786,2270,288,605,121,17,35,294.0,109.0,190,419.0,R. J.,Reynolds,190.0,72.0,B,R,OF,N,0.26651982378854605,0.323170731707317,0.38105726872246704
1576,cochrmi01,12,1482,5169,1041,1652,333,64,119,832.0,64.0,857,217.0,Mickey,Cochrane,180.0,70.0,L,R,C,Player,0.31959760108338203,0.4163624294722871,0.47784871348423297
2774,freemfr01,8,1188,4356,685,1275,285,20,189,684.0,37.0,559,1041.0,Freddie,Freeman,220.0,77.0,L,R,1B,N,0.292699724517906,0.373143438453713,0.497474747474747
7723,slaugen01,21,2380,7946,1247,2383,413,148,169,1304.0,71.0,1018,538.0,Enos,Slaughter,180.0,69.0,L,R,OF,Player,0.299899320412786,0.379406514948684,0.45293229297759896
130,alomaro01,16,2379,9073,1508,2724,504,80,210,1134.0,474.0,1032,1140.0,Roberto,Alomar,184.0,72.0,B,R,2B,Player,0.300231455968257,0.371697179614052,0.442852419265954
8357,tillmbo01,8,775,2329,189,540,68,10,79,282.0,1.0,228,510.0,Bob,Tillman,205.0,76.0,R,R,C,N,0.23185916702447398,0.300351974970669,0.3714040360669821
7457,schulfr01,14,1806,6533,906,1766,288,124,92,792.0,233.0,545,757.0,Frank,Schulte,170.0,71.0,L,R,OF,N,0.270319914281341,0.326504662333993,0.394611969998469
3980,hunteto01,18,2372,8857,1296,2452,498,39,353,1391.0,195.0,661,1741.0,Torii,Hunter,220.0,74.0,R,R,OF,N,0.27684317488991805,0.32706450935070397,0.46144292649881496
2364,dyeje01,13,1763,6487,984,1779,363,25,325,1072.0,46.0,597,1308.0,Jermaine,Dye,210.0,76.0,R,R,OF,N,0.274240789270849,0.335403726708075,0.488207183597965
8371,tobinja01,13,1619,6174,936,1906,294,99,64,581.0,147.0,508,267.0,Jack,Tobin,142.0,68.0,L,L,OF,N,0.308713961775186,0.361269081113439,0.41950113378684795
7024,rizzuph01,15,1661,5816,877,1588,239,62,38,563.0,149.0,651,398.0,Phil,Rizzuto,150.0,66.0,R,R,SS,Player,0.273039889958735,0.34621926704809003,0.35505502063273703
9100,wrighda03,14,1585,5998,949,1777,390,26,242,970.0,196.0,762,1292.0,David,Wright,205.0,72.0,R,R,3B,N,0.29626542180726895,0.375591715976331,0.49099699899966703
6438,pellaed01,8,563,1423,167,321,42,13,20,133.0,13.0,128,201.0,Eddie,Pellagrini,160.0,69.0,R,R,SS,N,0.22557976106816602,0.289490651192779,0.315530569219958
3862,hornebo01,10,1020,3777,560,1047,169,8,218,685.0,14.0,369,512.0,Bob,Horner,195.0,73.0,R,R,3B,N,0.27720413026211305,0.341534008683068,0.499338099020387
8561,vandejo02,13,1372,2751,374,717,170,18,97,430.0,38.0,385,698.0,John,Vander Wal,180.0,73.0,L,L,OF,N,0.260632497273719,0.35140306122448994,0.441294074881861
391,barklsa01,5,582,2329,362,602,125,39,10,,,176,,Sam,Barkley,180.0,71.0,R,R,2B,N,0.258480034349506,0.310578842315369,0.358522971232289
1594,colbrgr01,12,992,2769,337,801,155,12,98,422.0,29.0,170,444.0,Greg,Colbrunn,190.0,72.0,R,R,1B,N,0.289274106175515,0.330384484518544,0.460093896713615
1795,cravaga01,12,1220,3951,575,1134,232,83,119,719.0,89.0,561,578.0,Gavvy,Cravath,186.0,70.0,R,R,OF,N,0.287015945330296,0.375664893617021,0.478106808402936
6917,reverda01,4,557,1832,205,486,83,16,62,234.0,2.0,148,240.0,Dave,Revering,210.0,76.0,L,R,1B,N,0.26528384279476,0.32020202020202004,0.42958515283842796
2636,fiskca01,24,2499,8756,1276,2356,421,47,376,1330.0,128.0,849,1386.0,Carlton,Fisk,200.0,75.0,R,R,C,Player,0.269072635906807,0.333680374804789,0.456715395157606
8579,vaughar01,16,1817,6622,1173,2103,356,128,96,926.0,118.0,937,276.0,Arky,Vaughan,175.0,70.0,L,R,SS,Player,0.317577771066143,0.40216959915332706,0.4534883720930229
2491,estalbo01,14,680,2196,279,620,106,33,44,308.0,13.0,350,246.0,Bobby,Estalella,180.0,68.0,R,R,OF,N,0.282331511839709,0.380989787902592,0.420765027322404
3305,guerrmi01,14,565,1581,168,382,42,14,9,168.0,25.0,131,123.0,Mike,Guerra,155.0,70.0,R,R,C,N,0.24161922833649602,0.29964953271028005,0.302972802024035
5834,morynwa01,7,785,2506,324,667,116,16,101,354.0,7.0,251,393.0,Walt,Moryn,205.0,74.0,L,R,OF,N,0.266161213088587,0.332970620239391,0.446129289704709
1170,byrneer01,10,963,3202,482,827,191,30,109,396.0,129.0,253,538.0,Eric,Byrnes,200.0,74.0,R,R,OF,N,0.25827607745159303,0.31259044862518104,0.438788257339163
7671,simmoal01,20,2215,8759,1507,2927,539,149,307,1827.0,88.0,615,737.0,Al,Simmons,190.0,71.0,R,R,OF,Player,0.334170567416372,0.37785363772135705,0.534878410777486
5993,nealegr01,8,768,2661,319,688,71,50,8,200.0,139.0,201,281.0,Greasy,Neale,170.0,72.0,L,R,OF,N,0.25854941751221305,0.310621942697414,0.331830139045472
2518,eversjo01,27,1784,6137,919,1659,216,70,12,538.0,324.0,778,293.0,Johnny,Evers,125.0,69.0,L,R,2B,Player,0.27032752159035395,0.352422270426609,0.334202379012547
4058,jackstr01,14,1656,6086,833,1768,291,86,135,929.0,71.0,412,565.0,Travis,Jackson,160.0,70.0,R,R,SS,Player,0.29050279329608897,0.33548784241304996,0.433125205389418
3866,hortoto01,6,636,2228,251,597,102,15,76,297.0,12.0,140,319.0,Tony,Horton,210.0,75.0,R,R,1B,N,0.267953321364452,0.31123310810810806,0.429533213644524
8976,willite01,21,2292,7706,1798,2654,525,71,521,1839.0,24.0,2021,709.0,Ted,Williams,205.0,75.0,L,R,OF,Player,0.344406955618998,0.480620951989308,0.633791850506099
7204,roushed01,18,1967,7363,1099,2376,339,182,68,981.0,268.0,484,260.0,Edd,Roush,170.0,71.0,L,L,OF,Player,0.322694553850333,0.364470498279597,0.445878038842863
762,boggswa01,17,2440,9180,1513,3010,578,61,118,1014.0,24.0,1412,745.0,Wade,Boggs,190.0,74.0,L,R,3B,Player,0.327886710239651,0.41748489425981894,0.44270152505446597
1219,camildo01,12,1490,5353,936,1482,261,86,239,950.0,60.0,947,961.0,Dolph,Camilli,185.0,70.0,L,L,1B,N,0.27685410050439,0.38555555555555604,0.49168690453951097
2203,doerrbo01,14,1865,7093,1094,2042,381,89,223,1247.0,54.0,809,608.0,Bobby,Doerr,175.0,71.0,R,R,2B,Player,0.28788946849006103,0.360794735509997,0.46101790497673795
726,blefacu01,7,974,2947,394,699,104,20,112,382.0,24.0,456,444.0,Curt,Blefary,195.0,74.0,L,R,OF,N,0.23719036308109898,0.339406406112254,0.40006786562606
4456,kleinch01,16,1753,6486,1168,2076,398,74,300,1201.0,79.0,601,521.0,Chuck,Klein,185.0,72.0,L,R,OF,Player,0.320074005550416,0.377733878933258,0.5430157261794629
5674,minchdo01,12,1400,4026,530,1003,176,16,200,643.0,24.0,606,668.0,Don,Mincher,205.0,75.0,L,R,1B,N,0.249130650769995,0.34736614853195197,0.44982613015399897
3768,hoakdo01,10,1263,4322,598,1144,214,44,89,498.0,64.0,523,530.0,Don,Hoak,170.0,73.0,R,R,3B,N,0.264692272096252,0.34406604747162,0.396344285053216
4074,jamesch02,9,946,3040,343,794,145,24,90,386.0,27.0,193,490.0,Chris,James,195.0,73.0,R,R,OF,N,0.261184210526316,0.305289205072688,0.41348684210526293
8425,trammal01,19,2293,8288,1231,2365,412,55,185,1003.0,236.0,850,874.0,Alan,Trammell,165.0,72.0,R,R,SS,Player,0.285352316602317,0.351827533377107,0.415299227799228
470,batisto01,11,1309,4568,625,1146,226,17,221,718.0,47.0,287,790.0,Tony,Batista,180.0,72.0,R,R,3B,N,0.25087565674255696,0.295159629248198,0.452933450087566
8054,stoveha01,13,1489,6153,1495,1775,348,176,122,912.0,,664,,Harry,Stovey,175.0,71.0,R,R,OF,N,0.288477165610271,0.35778201554936206,0.46172598732325704
290,avilaal01,9,932,2758,319,654,136,8,94,362.0,7.0,462,941.0,Alex,Avila,210.0,71.0,L,R,C,N,0.237128353879623,0.346583850931677,0.394488759970993
451,bassech01,8,917,3493,392,806,114,49,15,402.0,,239,312.0,Charley,Bassett,150.0,70.0,R,R,2B,N,0.230747208703121,0.280010718113612,0.304322931577441
3661,hernace02,5,671,2303,330,636,82,24,32,182.0,71.0,280,520.0,Cesar,Hernandez,160.0,70.0,B,R,2B,N,0.276161528441164,0.354626403406891,0.374294398610508
889,bransje01,9,694,1555,173,383,72,11,34,156.0,9.0,122,312.0,Jeff,Branson,180.0,72.0,L,R,2B,N,0.24630225080385898,0.30113297555158003,0.372347266881029
5962,naehrti01,7,547,1872,254,527,104,4,49,250.0,5.0,236,312.0,Tim,Naehring,190.0,74.0,R,R,3B,N,0.281517094017094,0.361954459203036,0.41987179487179493
6900,rendoan01,5,770,2879,454,820,201,12,102,420.0,40.0,329,524.0,Anthony,Rendon,200.0,73.0,R,R,3B,N,0.284821118443904,0.35816708229426397,0.46926015977770097
4763,lemahdj01,7,955,3445,501,1026,163,31,49,349.0,75.0,278,577.0,DJ,LeMahieu,215.0,76.0,R,R,2B,N,0.29782293178519603,0.350255170561375,0.4058055152394771
2593,fickro01,9,846,2373,287,613,116,12,69,324.0,6.0,235,386.0,Robert,Fick,189.0,73.0,L,R,1B,N,0.258322798145807,0.32515337423312896,0.40455120101137804
5801,morgara01,7,741,2480,278,630,90,33,4,254.0,87.0,320,,Ray,Morgan,155.0,68.0,R,R,2B,N,0.254032258064516,0.33928571428571397,0.32177419354838693
2409,eggleda01,14,576,2544,491,697,85,31,0,242.0,,49,,Dave,Eggler,165.0,69.0,R,R,OF,N,0.27397798742138396,0.287697647512534,0.331761006289308
370,bannial01,11,972,3007,430,811,143,28,19,288.0,108.0,292,318.0,Alan,Bannister,170.0,71.0,R,R,OF,N,0.26970402394413,0.334343740527433,0.354838709677419
2649,flagsir01,13,1218,4139,644,1202,262,50,40,450.0,71.0,467,288.0,Ira,Flagstead,165.0,69.0,R,R,OF,N,0.29040831118627697,0.362353452019106,0.40686156076346897
464,batesjo02,8,1154,3913,565,1087,167,73,25,417.0,187.0,503,428.0,Johnny,Bates,168.0,67.0,L,L,OF,N,0.277791975466394,0.36005434782608703,0.376948632762586
4236,joneswi01,14,1691,5826,786,1502,252,33,190,812.0,40.0,755,541.0,Willie,Jones,188.0,73.0,R,R,3B,N,0.25780981805698605,0.342956997416806,0.41023000343288707
6649,portedi01,5,675,2515,426,774,159,37,11,282.0,23.0,268,186.0,Dick,Porter,170.0,70.0,L,R,OF,N,0.307753479125249,0.37441609773625606,0.41351888667992
3585,hebneri01,17,1908,6144,865,1694,273,57,203,890.0,38.0,687,741.0,Richie,Hebner,195.0,73.0,L,R,3B,N,0.27571614583333304,0.348558044210218,0.4378255208333329
6759,radboch01,11,653,2487,308,585,64,11,9,259.0,,158,244.0,Old Hoss,Radbourn,168.0,69.0,R,R,OF,Player,0.23522316043425798,0.28090737240075603,0.28065942903096097
1998,davisge01,19,2372,9045,1545,2665,453,163,73,1440.0,619.0,874,613.0,George,Davis,180.0,69.0,B,R,SS,Player,0.294637921503593,0.356789998991834,0.40497512437810895
2589,ferreri01,18,1884,6028,687,1692,324,45,28,734.0,29.0,931,277.0,Rick,Ferrell,160.0,70.0,R,R,C,Player,0.280690112806901,0.376921971547636,0.363304578633046
5511,medwijo01,16,1984,7635,1198,2471,540,113,205,1383.0,42.0,437,551.0,Joe,Medwick,187.0,70.0,R,R,OF,Player,0.323641126391618,0.36025768087215104,0.504518664047151
4893,lollash01,17,1752,5351,623,1415,244,14,155,808.0,20.0,671,453.0,Sherm,Lollar,185.0,73.0,R,R,C,N,0.264436553915156,0.346396545998007,0.40216781909923405
5719,mondera01,12,1525,5814,909,1589,319,49,271,860.0,229.0,475,1130.0,Raul,Mondesi,202.0,71.0,R,R,OF,N,0.27330581355349204,0.328192081411989,0.484864121087031
6459,pennicl01,10,971,2799,324,678,120,21,36,242.0,84.0,266,619.0,Cliff,Pennington,195.0,71.0,B,R,SS,N,0.242229367631297,0.307993474714519,0.338692390139335
8065,strawda01,16,1583,5418,898,1401,256,38,335,1000.0,221.0,816,1352.0,Darryl,Strawberry,190.0,78.0,L,L,OF,N,0.258582502768549,0.35563041385947997,0.5053525286083429
893,brantmi02,9,1051,4055,543,1195,248,19,87,528.0,118.0,351,479.0,Michael,Brantley,200.0,74.0,L,L,OF,N,0.29469790382244104,0.35088515660463,0.4295930949445129
491,bayha01,7,675,2640,413,722,65,42,5,141.0,169.0,195,284.0,Harry,Bay,138.0,68.0,L,L,OF,N,0.27348484848484805,0.32345679012345696,0.3356060606060611
6320,paddedi01,9,874,3157,423,814,113,46,11,334.0,132.0,224,164.0,Dick,Padden,165.0,70.0,R,R,2B,N,0.257839721254355,0.307009760425909,0.333227747861894
1180,cabreme01,13,1754,6500,852,1856,361,44,137,807.0,99.0,493,850.0,Melky,Cabrera,210.0,70.0,B,L,OF,N,0.28553846153846196,0.335907335907336,0.417846153846154
423,barremi01,11,1054,3512,398,925,220,21,98,424.0,11.0,279,480.0,Michael,Barrett,185.0,75.0,R,R,C,N,0.263382687927107,0.317594302294909,0.421697038724374
6503,peskyjo01,12,1270,4745,867,1455,226,50,17,404.0,53.0,662,218.0,Johnny,Pesky,168.0,69.0,L,R,SS,N,0.306638566912539,0.391529498797855,0.38609062170706
1061,buechst01,10,1334,4266,501,1046,183,21,137,547.0,17.0,408,842.0,Steve,Buechele,190.0,74.0,R,R,3B,N,0.245194561650258,0.31108258451005605,0.394280356305673
7732,smallro02,12,1653,5657,745,1454,244,25,163,694.0,27.0,771,908.0,Roy,Smalley,185.0,73.0,B,R,SS,N,0.257026692593247,0.34614187927815804,0.39543927876966606
3406,hamilbi01,13,1594,6283,1697,2164,242,95,40,742.0,914.0,1189,362.0,Billy,Hamilton,165.0,66.0,L,R,OF,Player,0.34442145471908303,0.448741970021413,0.43227757440713005
1934,dalrycl01,11,1079,3042,243,710,98,23,55,327.0,3.0,387,403.0,Clay,Dalrymple,195.0,72.0,L,R,C,N,0.23339907955292602,0.319918343540391,0.33497698882314303
8846,westsa01,15,1753,6148,934,1838,347,101,75,838.0,53.0,696,540.0,Sam,West,165.0,71.0,L,L,OF,N,0.29895901106050704,0.370251315020456,0.42485361093038393
8547,valenja01,11,631,1507,154,379,82,5,45,210.0,0.0,131,257.0,Javier,Valentin,198.0,70.0,B,R,C,N,0.25149303251493,0.311355311355311,0.40212342402123397
7959,stargwi01,20,2360,7927,1194,2232,423,55,475,1540.0,17.0,937,1936.0,Willie,Stargell,188.0,74.0,L,L,1B,Player,0.281569320045414,0.35751353790613705,0.528573230730415
7490,scottro01,7,690,2132,316,504,43,26,3,150.0,205.0,281,291.0,Rodney,Scott,160.0,72.0,B,R,2B,N,0.23639774859287102,0.325321176958143,0.285178236397749
5239,matheed01,16,2391,8537,1509,2315,354,72,512,1453.0,68.0,1444,1487.0,Eddie,Mathews,190.0,73.0,L,R,3B,Player,0.271172543047909,0.376615569582206,0.509429541993675
8338,thomsbo01,14,1779,6305,903,1705,267,74,264,1026.0,38.0,559,804.0,Bobby,Thomson,180.0,74.0,R,R,OF,N,0.27042030134813605,0.32983682983683,0.4618556701030929
1224,campabe01,19,2328,8684,1181,2249,313,86,79,646.0,649.0,618,1142.0,Bert,Campaneris,160.0,70.0,R,R,SS,N,0.25898203592814395,0.30821328746506105,0.342123445416859
1823,critzhu01,11,1478,5930,832,1591,195,95,38,531.0,97.0,289,257.0,Hughie,Critz,147.0,68.0,R,R,2B,N,0.268296795952782,0.302299405049043,0.352445193929174
8798,weeksri01,14,1324,4417,733,1087,219,33,161,474.0,132.0,533,1230.0,Rickie,Weeks,210.0,72.0,R,R,2B,N,0.246094634367218,0.327272727272727,0.41996830427892207
8992,wilsoch01,8,1280,4624,520,1246,157,114,59,571.0,98.0,241,539.0,Chief,Wilson,185.0,74.0,L,R,OF,N,0.269463667820069,0.305652620760534,0.39100346020761206
7346,santibe01,19,1978,6951,755,1830,323,41,217,920.0,91.0,430,1270.0,Benito,Santiago,180.0,73.0,R,R,C,N,0.263271471730686,0.30619157295759397,0.41519205869659
3941,huffau01,12,1681,6104,806,1699,360,24,242,904.0,37.0,571,907.0,Aubrey,Huff,225.0,76.0,L,R,1B,N,0.278342070773263,0.340074906367041,0.464121887287025
2028,dawsoan01,20,2627,9927,1373,2774,503,98,438,1591.0,314.0,589,1509.0,Andre,Dawson,180.0,75.0,R,R,OF,Player,0.27943991135287605,0.31979840243438595,0.48222020751485795
7619,shindbi01,12,1424,5815,993,1564,226,97,31,759.0,318.0,388,334.0,Billy,Shindle,155.0,68.0,R,R,3B,N,0.26895958727429103,0.314686442044172,0.35717970765262297
2548,farrasi01,7,943,3573,497,905,157,53,18,412.0,,233,269.0,Sid,Farrar,185.0,70.0,,R,1B,N,0.253288553036664,0.299001576458224,0.342009515813042
6035,newsosk01,12,1128,3716,381,910,164,15,9,292.0,67.0,246,194.0,Skeeter,Newsome,155.0,69.0,R,R,SS,N,0.24488697524219602,0.29177183240787496,0.30435952637244396
2671,floodcu01,15,1759,6357,851,1861,271,44,85,636.0,88.0,444,609.0,Curt,Flood,165.0,69.0,R,R,OF,N,0.292748151643857,0.338920746948978,0.38933459178858004
8527,utleych01,15,1937,6857,1103,1885,411,58,259,1025.0,154.0,724,1193.0,Chase,Utley,195.0,73.0,L,R,2B,N,0.274901560449176,0.344149848304973,0.465072189003938
5111,mannija01,13,833,3505,562,922,170,37,14,360.0,,181,,Jack,Manning,158.0,68.0,R,R,OF,N,0.263052781740371,0.299240368963646,0.344650499286733
4193,jonesbo01,8,853,2990,399,791,120,38,7,316.0,49.0,208,156.0,Bob,Jones,170.0,72.0,L,R,3B,N,0.26454849498327804,0.312382739212007,0.337123745819398
4664,larkeno01,5,667,1953,227,538,97,15,32,271.0,3.0,211,165.0,Norm,Larker,185.0,72.0,L,L,1B,N,0.27547363031234,0.346118299445471,0.389656938044035
7838,snydech02,9,715,2087,227,467,98,1,77,298.0,0.0,309,560.0,Chris,Snyder,235.0,76.0,R,R,C,N,0.22376617153809303,0.323873121869783,0.38236703402012495
7037,roberda01,10,804,2830,366,812,117,44,47,364.0,94.0,113,262.0,Dave,Robertson,186.0,72.0,L,L,OF,N,0.286925795053004,0.314305130818892,0.40918727915194303
2500,eusebto01,10,598,1739,179,479,87,5,30,241.0,1.0,182,324.0,Tony,Eusebio,180.0,74.0,R,R,C,N,0.275445658424382,0.344091618948464,0.382978723404255
6122,nunezed02,8,796,2644,340,737,141,19,56,289.0,136.0,131,373.0,Eduardo,Nunez,195.0,72.0,R,R,3B,N,0.27874432677761,0.31279279279279304,0.409984871406959
3121,gonzama01,6,795,2466,303,650,139,8,76,292.0,37.0,179,541.0,Marwin,Gonzalez,205.0,73.0,B,R,2B,N,0.263584752635848,0.313421550094518,0.41889699918896994
5342,mcclebi01,10,792,3197,533,773,129,33,6,304.0,,274,,Bill,McClellan,156.0,65.0,B,L,2B,N,0.24178917735376898,0.301642178046672,0.308414138254614
3824,hollibu01,9,930,3658,735,1141,162,72,65,621.0,252.0,360,226.0,Bug,Holliday,151.0,71.0,R,R,OF,N,0.31191908146528197,0.37356893977103,0.448879168944779
4155,johnsji01,15,1377,5070,754,1493,185,75,22,410.0,169.0,391,,Jimmy,Johnston,160.0,70.0,R,R,OF,N,0.29447731755424106,0.34499175975096097,0.37357001972386605
8516,uptonju01,11,1634,5989,955,1604,324,38,286,897.0,146.0,697,1720.0,Justin,Upton,205.0,74.0,R,R,OF,N,0.26782434463182503,0.34415195931797804,0.47787610619469
8871,whitede03,16,1941,7344,1125,1934,378,71,208,846.0,346.0,541,1526.0,Devon,White,170.0,73.0,B,R,OF,N,0.26334422657952106,0.313887127457197,0.419117647058824
7196,rothbr01,7,811,2831,427,804,138,73,30,422.0,189.0,335,389.0,Braggo,Roth,170.0,67.0,R,R,OF,N,0.283998587071706,0.359759949463045,0.41610738255033597
8184,tabatjo01,5,509,1592,208,438,81,15,17,126.0,47.0,129,254.0,Jose,Tabata,210.0,71.0,R,R,OF,N,0.27512562814070396,0.329459616502034,0.376884422110553
6289,otisam01,17,1998,7299,1092,2020,374,66,193,1007.0,341.0,757,1008.0,Amos,Otis,165.0,71.0,R,R,OF,N,0.27675023975887103,0.34471201588877903,0.425400739827374
1563,clintlo01,7,691,2153,270,532,112,31,65,269.0,12.0,188,418.0,Lou,Clinton,185.0,73.0,R,R,OF,N,0.24709707385044102,0.30756087142246896,0.41848583372039005
1200,calhoko01,6,814,2995,438,756,138,16,107,377.0,25.0,297,700.0,Kole,Calhoun,200.0,70.0,L,L,OF,N,0.252420701168614,0.319866342648846,0.416360601001669
8949,willige02,13,1168,3059,474,780,183,18,85,365.0,106.0,180,530.0,Gerald,Williams,190.0,74.0,R,R,OF,N,0.254985289310232,0.29638777400432204,0.409937888198758
6084,nixonru01,11,906,2504,215,670,115,19,27,266.0,0.0,154,279.0,Russ,Nixon,195.0,73.0,L,R,C,N,0.267571884984026,0.310007524454477,0.361022364217252
5798,morgajo02,21,2649,9277,1650,2517,449,96,268,1133.0,689.0,1865,1015.0,Joe,Morgan,160.0,67.0,L,R,2B,Player,0.271316158240811,0.393286663076647,0.42707771909022296
8500,ugglada01,9,1346,4759,759,1149,238,18,235,706.0,26.0,626,1341.0,Dan,Uggla,210.0,71.0,R,R,2B,N,0.241437276738811,0.329619312906221,0.447152763185543
6156,ochoaal01,7,807,2143,320,597,131,19,46,261.0,56.0,203,288.0,Alex,Ochoa,175.0,72.0,R,R,OF,N,0.278581427904806,0.341005967604433,0.42183854409705995
3719,hidalri01,8,987,3459,531,929,214,19,171,560.0,48.0,358,737.0,Richard,Hidalgo,220.0,75.0,R,R,OF,N,0.268574732581671,0.33717579250720503,0.48973691818444604
881,bragggl01,6,692,2336,308,601,102,16,70,321.0,58.0,211,472.0,Glenn,Braggs,210.0,75.0,R,R,OF,N,0.257277397260274,0.318806438947782,0.404537671232877
3483,harribr01,9,529,1694,208,434,99,7,33,167.0,5.0,132,343.0,Brendan,Harris,200.0,73.0,R,R,3B,N,0.25619834710743805,0.30996714129244296,0.3813459268004721
7873,sosasa01,18,2354,8813,1475,2408,379,45,609,1667.0,234.0,929,2306.0,Sammy,Sosa,165.0,72.0,R,R,OF,N,0.273232724384432,0.342537466639294,0.533756949960286
4335,kellge01,14,1795,6702,881,2054,385,50,78,870.0,51.0,621,287.0,George,Kell,175.0,69.0,R,R,3B,Player,0.30647567890182,0.36528745049843,0.413757087436586
7014,riverju01,11,1058,3471,425,950,182,4,132,539.0,17.0,253,448.0,Juan,Rivera,220.0,74.0,R,R,OF,N,0.27369634111207103,0.323039742212675,0.44252376836646506
1809,creebi01,7,742,2603,345,761,117,62,11,332.0,132.0,269,,Birdie,Cree,150.0,66.0,R,R,OF,N,0.292354975028813,0.358635097493036,0.39761813292355
2502,evansal01,12,704,2053,188,514,70,23,13,211.0,14.0,243,206.0,Al,Evans,190.0,71.0,R,R,C,N,0.2503653190453,0.32970383275261306,0.325864588407209
4637,landiji01,10,1346,4288,625,1061,169,50,93,467.0,139.0,588,767.0,Jim,Landis,180.0,73.0,R,R,OF,N,0.247434701492537,0.3381870385561939,0.375233208955224
3308,guerrwi01,8,678,1678,197,473,53,30,11,127.0,42.0,64,249.0,Wilton,Guerrero,145.0,71.0,B,R,2B,N,0.281883194278903,0.30826636050516604,0.36889153754469606
5818,morriji01,11,1089,3375,371,876,170,16,112,435.0,50.0,213,521.0,Jim,Morrison,175.0,71.0,R,R,3B,N,0.25955555555555604,0.30351170568561897,0.418962962962963
8408,torreyo01,12,907,2875,306,737,162,12,56,339.0,19.0,222,544.0,Yorvit,Torrealba,200.0,71.0,R,R,C,N,0.25634782608695605,0.309654504359057,0.379478260869565
2250,doughpa01,9,1233,4558,678,1294,138,78,17,413.0,261.0,378,,Patsy,Dougherty,190.0,74.0,L,R,OF,N,0.283896445809566,0.338735818476499,0.35958753839403207
8691,walkegr01,8,855,2864,368,746,164,19,113,444.0,19.0,268,520.0,Greg,Walker,205.0,75.0,L,R,1B,N,0.260474860335196,0.323754789272031,0.44937150837988793
7704,sizemgr01,11,1101,4147,660,1098,252,47,150,518.0,143.0,483,952.0,Grady,Sizemore,205.0,74.0,L,L,OF,N,0.264769713045575,0.3414686825054,0.456715698095008
1320,cartega01,18,2296,7971,1025,2092,371,31,324,1225.0,39.0,848,997.0,Gary,Carter,205.0,74.0,R,R,C,Player,0.262451386275248,0.333371130513664,0.43871534311880606
2361,dwyerji01,17,1328,2761,409,719,115,17,77,349.0,26.0,402,402.0,Jim,Dwyer,165.0,70.0,L,L,OF,N,0.260412893879029,0.354410369901992,0.398044186888808
1537,clarkwi02,14,1976,7173,1186,2176,440,47,284,1205.0,67.0,937,1190.0,Will,Clark,190.0,74.0,L,L,1B,N,0.303359821553046,0.383847102342787,0.49658441377387397
8913,wietema01,9,1081,3791,422,953,185,5,135,519.0,8.0,353,790.0,Matt,Wieters,235.0,77.0,B,R,C,N,0.251384858876286,0.31515444015444,0.40965444473753604
8829,werdepe01,13,695,2746,444,774,109,87,26,,,282,,Perry,Werden,220.0,74.0,R,R,1B,N,0.281864530225783,0.348745046235139,0.41332847778587
8080,strunam01,16,1512,4999,696,1418,213,96,15,530.0,185.0,573,,Amos,Strunk,175.0,71.0,L,L,OF,N,0.283656731346269,0.357322325915291,0.37367473494698905
8758,warwica01,5,530,1462,168,363,51,10,31,149.0,13.0,127,241.0,Carl,Warwick,170.0,70.0,R,L,OF,N,0.248290013679891,0.30837004405286306,0.36046511627907
3260,griffdo01,7,632,2136,209,524,70,12,7,165.0,33.0,158,204.0,Doug,Griffin,160.0,72.0,R,R,2B,N,0.24531835205992497,0.297297297297297,0.299157303370786
255,ashburi01,14,2189,8365,1322,2574,317,109,29,586.0,234.0,1198,571.0,Richie,Ashburn,170.0,70.0,L,R,OF,Player,0.30771069934249895,0.394436892188644,0.3820681410639571
1675,connoro01,17,1998,7797,1620,2467,441,233,138,1323.0,,1002,455.0,Roger,Connor,220.0,75.0,B,L,1B,Player,0.31640374503014,0.39424934651665,0.485827882518918
917,bressru01,18,1305,3881,544,1170,164,87,32,586.0,47.0,449,246.0,Rube,Bressler,187.0,72.0,R,L,OF,N,0.30146869363566103,0.373903002309469,0.41329554238598293
6308,owensp01,12,1544,4930,587,1211,215,59,46,439.0,82.0,569,519.0,Spike,Owen,165.0,69.0,B,R,SS,N,0.24563894523326602,0.323695217312239,0.34117647058823497
7069,robinfl01,8,1011,3284,458,929,140,36,67,426.0,42.0,408,282.0,Floyd,Robinson,175.0,69.0,L,R,OF,N,0.282886723507917,0.362134344528711,0.408647990255786
4138,johnsch05,7,839,2811,256,773,154,10,63,339.0,18.0,144,753.0,Chris,Johnson,225.0,75.0,R,R,3B,N,0.27499110636784097,0.310321489001692,0.404126645321949
9162,youngra01,9,1022,3643,480,898,108,30,4,254.0,92.0,495,235.0,Ralph,Young,165.0,65.0,B,R,2B,N,0.24650013724951997,0.336636056065732,0.295909964315125
3273,grimeos01,8,602,1832,235,469,73,24,18,200.0,30.0,297,303.0,Oscar,Grimes,178.0,71.0,R,R,1B,N,0.256004366812227,0.35979333020197296,0.351528384279476
4375,kennebo01,18,1483,4624,514,1176,196,41,63,514.0,45.0,364,443.0,Bob,Kennedy,193.0,74.0,R,R,OF,N,0.254325259515571,0.30874097834803493,0.355320069204152
1568,coangi01,10,918,2877,384,731,98,44,39,278.0,83.0,232,384.0,Gil,Coan,180.0,72.0,L,R,OF,N,0.254084115397984,0.309745899002895,0.359402155022593
6168,odorro01,4,675,2498,337,619,112,25,106,335.0,51.0,134,574.0,Rougned,Odor,195.0,71.0,L,R,2B,N,0.24779823859087302,0.286094224924012,0.439951961569255
8471,tulowtr01,11,1286,4793,761,1389,263,24,224,779.0,57.0,509,896.0,Troy,Tulowitzki,205.0,75.0,R,R,SS,N,0.2897976215314,0.357978121463599,0.49488837888587495
6536,phelpba01,11,726,2117,239,657,143,19,54,345.0,9.0,160,157.0,Babe,Phelps,225.0,74.0,L,R,C,N,0.31034482758620696,0.3588054457619671,0.47236655644780395
7250,ruthba01,21,2503,8398,2174,2873,506,136,714,2217.0,123.0,2062,1330.0,Babe,Ruth,215.0,74.0,L,L,OF,Player,0.34210526315789497,0.471797323135755,0.6898070969278399
574,benchjo01,16,2158,7658,1091,2048,381,24,389,1376.0,68.0,891,1278.0,Johnny,Bench,197.0,73.0,R,R,C,Player,0.267432750065291,0.34378289858462996,0.475842256463829
8285,thamema01,9,640,1827,256,450,83,4,115,301.0,3.0,159,510.0,Marcus,Thames,220.0,74.0,R,R,OF,N,0.246305418719212,0.30664652567975803,0.48494800218938106
6828,rebouje01,11,1018,2229,310,536,100,6,20,202.0,22.0,292,401.0,Jeff,Reboulet,167.0,72.0,R,R,2B,N,0.24046657694033202,0.328441094803649,0.317631224764468
5279,mayda01,11,1252,3670,462,920,130,20,96,422.0,60.0,344,501.0,Dave,May,186.0,70.0,L,R,OF,N,0.250681198910082,0.314897857498754,0.375476839237057
1704,coomero01,8,911,3019,333,827,151,8,92,449.0,13.0,177,429.0,Ron,Coomer,195.0,71.0,R,R,1B,N,0.27393176548526,0.314142678347935,0.420669095727062
994,brownga01,12,1051,2262,330,582,78,19,84,322.0,30.0,242,275.0,Gates,Brown,220.0,71.0,L,R,OF,N,0.257294429708223,0.32907348242811496,0.419982316534041
2720,fossera01,12,924,2957,299,758,117,13,61,324.0,15.0,203,363.0,Ray,Fosse,215.0,74.0,R,R,C,N,0.256340886033142,0.30411392405063303,0.366587757862699
5548,menosmi01,9,810,2465,382,685,98,38,18,252.0,90.0,295,290.0,Mike,Menosky,163.0,70.0,L,R,OF,N,0.27789046653144,0.355072463768116,0.37038539553752503
5695,mizejo01,17,1884,6443,1118,2011,367,83,359,1337.0,28.0,856,524.0,Johnny,Mize,215.0,74.0,L,R,1B,Player,0.312121682446065,0.39279353336073397,0.562005277044855
17,abreujo02,4,742,2913,398,858,180,13,146,488.0,8.0,209,624.0,Jose,Abreu,255.0,75.0,R,R,1B,N,0.294541709577755,0.341768097373479,0.5156196361139721
7194,rossmcl01,5,511,1848,175,523,80,26,3,238.0,49.0,90,165.0,Claude,Rossman,188.0,72.0,L,L,1B,N,0.28300865800865804,0.31630546955624395,0.359307359307359
3623,hendeke01,15,1444,4553,595,1168,216,26,122,576.0,86.0,589,763.0,Ken,Henderson,180.0,74.0,B,R,OF,N,0.256534153305513,0.341695838195255,0.395783000219635
2812,fullesh01,8,964,3678,651,863,96,43,6,349.0,260.0,444,,Shorty,Fuller,157.0,66.0,R,R,SS,N,0.23463839042958104,0.31707908782144606,0.28901576943991303
7301,samueju01,15,1720,6081,873,1578,287,102,161,703.0,396.0,440,1442.0,Juan,Samuel,170.0,71.0,R,R,2B,N,0.259496793290577,0.309461738997086,0.419667817793126
7048,roberle01,10,901,2737,342,731,126,28,78,328.0,26.0,256,428.0,Leon,Roberts,200.0,75.0,R,R,OF,N,0.267080745341615,0.329769462078182,0.41907197661673407
4343,kellyge01,17,1622,5993,819,1778,337,76,148,1020.0,65.0,386,694.0,High Pockets,Kelly,190.0,76.0,R,R,1B,Player,0.296679459369264,0.339238125097978,0.452361087935925
8565,vanhage01,16,1990,8043,1642,2544,286,161,69,1015.0,583.0,871,498.0,George,Van Haltren,170.0,71.0,L,L,OF,N,0.316299888101455,0.38310522773165795,0.41763023747358
133,alonsyo01,8,951,3070,357,814,168,2,90,389.0,22.0,327,578.0,Yonder,Alonso,230.0,73.0,L,R,1B,N,0.26514657980455997,0.335884604062408,0.4091205211726379
7887,speaktr01,21,2789,10195,1882,3514,792,222,117,1529.0,432.0,1381,,Tris,Speaker,193.0,71.0,L,L,OF,Player,0.344678764100049,0.422857636489288,0.500343305541932
7974,stearjo01,10,810,2681,334,696,152,10,46,312.0,91.0,323,294.0,John,Stearns,185.0,72.0,R,R,C,N,0.25960462513987304,0.33921438082556604,0.375233121969414
7374,sawatca01,15,633,1449,133,351,46,5,58,213.0,2.0,191,251.0,Carl,Sawatski,210.0,70.0,L,R,C,N,0.242236024844721,0.330487804878049,0.40096618357487895
5194,martijd02,7,922,3397,502,993,205,15,195,606.0,22.0,317,932.0,J. D.,Martinez,220.0,75.0,R,R,OF,N,0.292316750073594,0.35271943995692,0.533706211362967
7242,russead02,3,533,1772,231,429,96,8,51,230.0,15.0,166,474.0,Addison,Russell,200.0,72.0,R,R,SS,N,0.242099322799097,0.307017543859649,0.391647855530474
4285,kalinal01,21,2834,10116,1622,3007,498,75,399,1583.0,137.0,1277,1020.0,Al,Kaline,175.0,73.0,R,R,OF,Player,0.297251878212732,0.37602036338102296,0.479636219849743
3848,hoopeha01,16,2309,8785,1429,2466,389,160,75,817.0,375.0,1136,,Harry,Hooper,168.0,70.0,L,R,OF,Player,0.280705748434832,0.363068239088802,0.387023335230507
1595,coleal01,6,573,1760,286,493,58,26,5,117.0,148.0,217,296.0,Alex,Cole,170.0,74.0,L,L,OF,N,0.280113636363636,0.359129994941831,0.351136363636364
5882,mullira01,15,1325,3569,445,972,226,17,73,435.0,15.0,460,555.0,Rance,Mulliniks,162.0,71.0,L,R,3B,N,0.272345194732418,0.355423181931,0.40655645839170595
7071,robinja02,9,1382,4877,947,1518,273,54,137,734.0,197.0,740,291.0,Jackie,Robinson,195.0,71.0,R,R,2B,Player,0.311256920237851,0.401993946946769,0.473651835144556
1434,charled01,7,1005,3482,438,917,147,30,86,421.0,86.0,332,525.0,Ed,Charles,170.0,70.0,R,R,3B,N,0.26335439402642197,0.32747771368641804,0.396898334290638
5218,martivi01,16,1973,7297,914,2153,423,3,246,1178.0,7.0,730,891.0,Victor,Martinez,235.0,74.0,B,R,C,N,0.29505276140879805,0.359162825464059,0.45498149924626596
621,bernato01,12,1071,3700,523,970,177,30,75,391.0,113.0,428,606.0,Tony,Bernazard,150.0,69.0,B,R,2B,N,0.262162162162162,0.338662790697674,0.387027027027027
1306,carrocl01,11,991,3972,729,995,125,47,31,423.0,,361,290.0,Cliff,Carroll,163.0,68.0,B,R,OF,N,0.250503524672709,0.312947149780752,0.329053373615307
8930,wilkiri01,10,720,2114,280,515,95,7,81,275.0,9.0,278,571.0,Rick,Wilkins,210.0,74.0,L,R,C,N,0.243614001892148,0.331521739130435,0.410122989593188
3296,grubeke01,9,939,3159,431,818,148,24,117,443.0,80.0,197,504.0,Kelly,Gruber,180.0,72.0,R,R,3B,N,0.25894270338714803,0.302443384982122,0.432098765432099
3165,gosligo01,17,2287,8656,1483,2735,500,173,248,1609.0,175.0,949,585.0,Goose,Goslin,185.0,71.0,L,R,OF,Player,0.315965804066543,0.383550234252993,0.499653419593346
4094,jeffcha01,11,918,1963,249,487,95,18,26,188.0,49.0,114,289.0,Hal,Jeffcoat,185.0,70.0,R,R,OF,N,0.248089658685685,0.28935965334617203,0.35455934793683097
0,aaronha01,22,3298,12364,2174,3771,624,98,755,2297.0,240.0,1402,1383.0,Hank,Aaron,180.0,72.0,R,R,OF,Player,0.304998382400518,0.37578090948714205,0.554513102555807
346,baldero01,7,519,1910,281,531,99,18,60,262.0,60.0,102,388.0,Rocco,Baldelli,190.0,76.0,R,R,OF,N,0.278010471204188,0.31461232604373807,0.44293193717277507
6485,perezti01,7,603,1671,187,449,91,10,26,185.0,23.0,92,159.0,Timo,Perez,180.0,69.0,L,L,OF,N,0.268701376421305,0.306863301191151,0.38180730101735494
8411,tovarce01,11,1488,5569,834,1546,253,55,46,435.0,226.0,413,410.0,Cesar,Tovar,155.0,69.0,R,R,OF,N,0.27760818818459304,0.32748244734202603,0.36757047943975607
7051,roberry01,8,518,1500,205,365,71,4,46,169.0,35.0,166,320.0,Ryan,Roberts,185.0,71.0,R,R,2B,N,0.243333333333333,0.318727490996399,0.38799999999999996
1167,byrdma01,14,1573,5579,740,1534,311,39,159,710.0,56.0,382,1234.0,Marlon,Byrd,245.0,72.0,R,R,OF,N,0.274959670191791,0.321422580104009,0.43018462089980297
5536,meltobi01,9,1144,3971,496,1004,162,9,160,591.0,23.0,479,669.0,Bill,Melton,200.0,74.0,R,R,3B,N,0.252833039536641,0.333258426966292,0.419038025686225
4107,jennihu01,27,1284,4895,992,1526,232,88,18,840.0,359.0,347,,Hughie,Jennings,165.0,68.0,R,R,SS,Player,0.31174668028600605,0.3573063716138879,0.406128702757916
361,bancrda01,15,1913,7182,1048,2004,320,77,32,591.0,145.0,827,487.0,Dave,Bancroft,160.0,69.0,B,R,SS,Player,0.279030910609858,0.353477337994756,0.358395989974937
209,ankieri01,14,653,1921,260,462,101,10,76,251.0,21.0,162,555.0,Rick,Ankiel,210.0,73.0,L,L,OF,N,0.24049973971889604,0.29956793086893896,0.4221759500260279
4144,johnsdi01,7,746,2992,453,751,109,68,33,,,133,,Dick,Johnston,155.0,68.0,R,R,OF,N,0.25100267379679103,0.28288,0.365975935828877
632,berrych02,13,709,2018,196,539,88,29,23,256.0,13.0,160,196.0,Charlie,Berry,185.0,72.0,R,R,C,N,0.267096134786918,0.32093663911845693,0.37363726461843394
8263,templga01,15,2079,7721,893,2096,329,106,70,728.0,242.0,375,1092.0,Garry,Templeton,175.0,71.0,B,R,SS,N,0.27146742649915806,0.30521245059288504,0.3687346198678929
3477,harpeto01,14,1810,6269,972,1609,256,36,146,567.0,408.0,753,1080.0,Tommy,Harper,165.0,69.0,R,R,OF,N,0.256659754346786,0.33637140415835903,0.37884830116446006
4970,lummi01,14,1517,3554,404,877,128,20,90,431.0,13.0,366,506.0,Mike,Lum,180.0,72.0,L,L,OF,N,0.24676420934158702,0.317091836734694,0.370005627462015
6997,riosal01,11,1691,6419,885,1778,374,63,169,794.0,253.0,400,1117.0,Alex,Rios,210.0,77.0,R,R,OF,N,0.276990185387132,0.319401671799384,0.433868203770058
3024,gillepe01,7,714,2927,450,809,108,45,10,351.0,,106,218.0,Patrick,Gillespie,178.0,73.0,L,R,OF,N,0.27639221045439,0.301681503461919,0.354287666552784
667,biggicr01,19,2850,10876,1844,3060,668,55,291,1175.0,414.0,1160,1753.0,Craig,Biggio,185.0,71.0,R,R,2B,Player,0.281353438764252,0.35061482220006607,0.433155571901434
8613,versazo01,12,1400,5141,650,1246,230,63,95,471.0,97.0,318,810.0,Zoilo,Versalles,146.0,70.0,R,R,SS,N,0.24236529858004302,0.28649935885693395,0.367049212215522
15,abreubo01,18,2425,8480,1453,2470,574,59,288,1363.0,400.0,1476,1840.0,Bobby,Abreu,220.0,72.0,L,R,OF,N,0.29127358490565997,0.39634391321816,0.474764150943396
1177,cabreev01,6,510,1829,228,450,73,20,12,132.0,138.0,175,432.0,Everth,Cabrera,190.0,70.0,B,R,SS,N,0.24603608529251,0.31187624750499,0.32750136686714
6945,rhyneha01,7,655,2031,252,508,98,22,2,192.0,13.0,184,127.0,Hal,Rhyne,163.0,68.0,R,R,SS,N,0.250123092072871,0.312415349887133,0.322993599212211
6021,nettlgr01,21,2700,8986,1193,2225,328,28,390,1314.0,32.0,1088,1209.0,Graig,Nettles,180.0,72.0,L,R,3B,N,0.24760738927220102,0.32886638872344603,0.42054306699309996
2520,ewingbu01,17,1315,5363,1129,1625,250,178,71,883.0,,392,294.0,Buck,Ewing,188.0,70.0,R,R,C,Player,0.303002051090807,0.350477845351868,0.455715084840574
2733,fowlede01,10,1272,4443,731,1164,227,81,104,434.0,139.0,655,1150.0,Dexter,Fowler,195.0,77.0,B,R,OF,N,0.261985145172181,0.35680659081992894,0.41976142246229997
4732,leede02,14,1942,6962,1081,1959,432,30,331,1078.0,104.0,874,1622.0,Derrek,Lee,240.0,77.0,R,R,1B,N,0.28138465958058,0.36153649821337397,0.494685435219764
6538,phelped01,11,633,1832,186,460,45,20,3,205.0,31.0,163,203.0,Ed,Phelps,185.0,71.0,R,R,C,N,0.251091703056769,0.312280701754386,0.302401746724891
8138,suthega01,12,1031,3104,308,754,109,10,24,239.0,11.0,207,219.0,Gary,Sutherland,185.0,72.0,R,R,2B,N,0.24291237113402103,0.29024463908184805,0.30766752577319606
1227,camparo01,9,1215,4205,627,1161,178,18,242,856.0,25.0,533,501.0,Roy,Campanella,190.0,69.0,R,R,C,Player,0.276099881093936,0.35753482482059906,0.499643281807372
9191,zimmedo01,11,1095,3283,353,773,130,22,91,352.0,45.0,246,678.0,Don,Zimmer,165.0,69.0,R,R,3B,N,0.235455376180323,0.288750354207991,0.371611331099604
4325,keistbi01,7,621,2433,400,758,133,63,18,400.0,131.0,90,116.0,Bill,Keister,168.0,65.0,L,R,2B,N,0.311549527332511,0.33610780816488306,0.44019728729963
422,barrema02,9,941,3378,418,938,163,9,18,314.0,57.0,304,209.0,Marty,Barrett,175.0,70.0,R,R,2B,N,0.277679100059207,0.337316675719718,0.347246891651865
2965,gerhajo01,18,1071,4140,493,939,122,55,7,,,162,,Joe,Gerhardt,160.0,72.0,R,R,2B,N,0.226811594202899,0.255927475592748,0.28792270531401
1881,cuddymi01,14,1536,5488,809,1522,333,42,197,794.0,75.0,527,1101.0,Michael,Cuddyer,220.0,74.0,R,R,1B,N,0.27733236151603496,0.34064837905236894,0.46100583090379
3708,hickmch01,11,1081,3982,478,1176,217,91,59,614.0,72.0,153,396.0,Charlie,Hickman,180.0,69.0,R,R,1B,N,0.29532898041185307,0.321402660217654,0.439979909593169
4712,lazzeto01,13,1740,6297,986,1840,334,115,178,1191.0,148.0,869,864.0,Tony,Lazzeri,170.0,71.0,R,R,2B,Player,0.292202636175957,0.37803516606195897,0.466571383198348
6562,piazzmi01,15,1912,6911,1048,2127,344,8,427,1335.0,17.0,759,1113.0,Mike,Piazza,200.0,75.0,R,R,C,Player,0.30777022138619603,0.37627118644067803,0.545217768774418
7483,scottge02,13,2034,7433,957,1992,306,60,271,1051.0,69.0,699,1418.0,George,Scott,200.0,74.0,R,R,1B,N,0.267994080452038,0.33091490408263696,0.434683169648863
7842,snydefr01,15,1392,4229,331,1122,170,44,47,525.0,37.0,281,416.0,Frank,Snyder,185.0,74.0,R,R,C,N,0.265310948214708,0.311086474501109,0.359659493970206
4413,killeha01,21,2435,8147,1283,2086,290,24,573,1584.0,19.0,1559,1699.0,Harmon,Killebrew,195.0,72.0,R,R,3B,Player,0.256045170001227,0.37554090253451505,0.508530747514423
8147,sveumda01,13,862,2526,305,597,125,13,69,340.0,10.0,227,656.0,Dale,Sveum,185.0,74.0,B,R,3B,N,0.23634204275534398,0.299309843806756,0.378068091844814
7862,soltemo01,9,938,3421,503,990,213,42,83,599.0,42.0,221,377.0,Moose,Solters,190.0,72.0,R,R,OF,N,0.28938906752411603,0.332509610104338,0.448991522946507
4022,irvinmo01,7,764,2499,366,731,97,31,99,443.0,28.0,351,220.0,Monte,Irvin,195.0,73.0,R,R,OF,Player,0.292517006802721,0.37964912280701796,0.474989995998399
3518,hartsto01,13,1356,4848,826,1336,182,92,31,341.0,247.0,837,,Topsy,Hartsel,155.0,65.0,L,L,OF,N,0.275577557755776,0.38223394898856605,0.37025577557755796
8940,willida03,6,517,1785,235,450,61,10,32,163.0,6.0,164,144.0,Davey,Williams,160.0,70.0,R,R,2B,N,0.252100840336134,0.315033350436121,0.35126050420168103
3767,hoagmy01,14,1020,3147,384,854,141,33,28,401.0,59.0,252,298.0,Myril,Hoag,180.0,71.0,R,R,OF,N,0.271369558309501,0.32538982053545196,0.36383857642198897
4553,kressre01,19,1391,5087,691,1454,298,58,89,799.0,47.0,474,453.0,Red,Kress,165.0,71.0,R,R,SS,N,0.285826616866522,0.3467002337709051,0.41969726754472203
1414,chancfr01,16,1288,4299,798,1274,200,79,20,596.0,403.0,556,320.0,Frank,Chance,190.0,72.0,R,R,1B,Player,0.296347987904164,0.37693099897013393,0.393579902302861
9005,wilsoha01,11,1348,4760,884,1461,266,67,244,1063.0,52.0,674,713.0,Hack,Wilson,190.0,66.0,R,R,OF,Player,0.30693277310924394,0.39289657710710296,0.544747899159664
2490,essiaji01,11,710,1855,194,453,85,3,33,207.0,9.0,231,171.0,Jim,Essian,195.0,74.0,R,R,C,N,0.24420485175202203,0.327900287631831,0.346630727762803
2143,diazbo01,12,993,3274,327,834,162,5,87,452.0,9.0,198,429.0,Bo,Diaz,185.0,71.0,R,R,C,N,0.254734270006109,0.297235023041475,0.386988393402566
8611,vergejo01,5,672,2323,258,593,114,16,52,292.0,22.0,171,303.0,Johnny,Vergez,165.0,68.0,R,R,3B,N,0.255273353422299,0.306335204490778,0.385277658200603
6882,reilljo01,11,1142,4684,898,1352,215,139,69,740.0,,157,,John,Reilly,178.0,75.0,R,R,1B,N,0.28864218616566995,0.311712456104111,0.43808710503842896
5947,myattgl01,16,1004,2678,346,722,137,37,38,387.0,20.0,248,195.0,Glenn,Myatt,165.0,71.0,L,R,C,N,0.269604182225541,0.33151059466848903,0.39096340552651204
5775,moranbi02,7,634,2076,242,545,88,10,28,202.0,10.0,133,218.0,Billy,Moran,185.0,71.0,R,R,2B,N,0.26252408477842004,0.30692621095518297,0.35500963391136797
332,bakerfr01,14,1575,5984,887,1838,315,103,96,987.0,235.0,473,,Home Run,Baker,173.0,71.0,L,R,3B,Player,0.307152406417112,0.35790614836611406,0.442346256684492
7828,snidedu01,17,2143,7161,1259,2116,358,85,407,1333.0,99.0,971,1237.0,Duke,Snider,179.0,72.0,L,R,OF,Player,0.295489456779779,0.37961141170683704,0.539729088116185
2254,douthta01,10,1074,4127,665,1201,220,38,29,396.0,67.0,443,312.0,Taylor,Douthit,175.0,71.0,R,R,OF,N,0.29101041919069504,0.35973741794310704,0.38381390840804497
3229,greenha01,17,1394,5193,1051,1628,379,71,331,1276.0,58.0,852,844.0,Hank,Greenberg,210.0,75.0,R,R,1B,Player,0.313498940881956,0.41025641025640996,0.605045253225496
7018,riverre01,14,506,1402,110,309,62,2,40,164.0,1.0,86,410.0,Rene,Rivera,215.0,70.0,R,R,C,N,0.22039942938659102,0.265456989247312,0.353067047075606
8093,suareeu01,4,640,2242,319,591,100,9,98,327.0,23.0,238,605.0,Eugenio,Suarez,213.0,71.0,R,R,3B,N,0.263603925066905,0.33427419354838694,0.447368421052632
7058,robinbr01,22,2896,10654,1232,2848,482,68,268,1357.0,28.0,860,990.0,Brooks,Robinson,180.0,73.0,R,R,3B,Player,0.267317439459358,0.322042730588848,0.400788436268068
1849,crossmo01,15,1684,5828,719,1365,232,68,31,621.0,328.0,616,719.0,Monte,Cross,148.0,68.0,R,R,SS,N,0.234214138641043,0.307417752948479,0.31331503088538104
3174,gowdyha01,20,1050,2735,270,738,124,27,21,322.0,59.0,311,247.0,Hank,Gowdy,182.0,74.0,R,R,C,N,0.269835466179159,0.344386080105056,0.357952468007313
3731,highhu01,5,516,1546,176,386,54,21,3,123.0,56.0,212,168.0,Hugh,High,155.0,67.0,L,L,OF,N,0.24967658473479898,0.340159271899886,0.31759379042690805
3530,hassero01,13,1192,3440,348,914,172,7,71,438.0,14.0,385,378.0,Ron,Hassey,200.0,74.0,L,R,C,N,0.26569767441860503,0.339607843137255,0.38168604651162796
1482,cintral01,8,680,2056,244,565,104,21,33,222.0,18.0,112,230.0,Alex,Cintron,210.0,74.0,B,R,SS,N,0.274805447470817,0.31226937269372695,0.393968871595331
431,barryja01,11,1223,4146,532,1009,142,38,10,429.0,153.0,396,,Jack,Barry,158.0,69.0,R,R,SS,N,0.24336710082006802,0.30933509467195097,0.303183791606368
5849,motama01,20,1536,3779,496,1149,125,52,31,438.0,50.0,289,320.0,Manny,Mota,160.0,70.0,R,R,OF,N,0.304048690129664,0.353490658800393,0.389256417041545
219,applilu01,20,2422,8856,1319,2749,440,102,45,1116.0,179.0,1302,528.0,Luke,Appling,183.0,70.0,R,R,SS,Player,0.310411020776874,0.398798976176413,0.398373983739837
8274,terrybi01,13,1721,6428,1120,2193,373,112,154,1078.0,56.0,537,449.0,Bill,Terry,200.0,73.0,L,L,1B,Player,0.34116365899191,0.39195979899497496,0.505911636589919
2657,flannti01,10,972,2473,255,631,77,25,9,209.0,22.0,277,293.0,Tim,Flannery,175.0,71.0,L,R,2B,N,0.255155681358674,0.33018181818181797,0.317428224828144
7543,sewellu01,21,1630,5383,653,1393,272,56,20,696.0,65.0,486,307.0,Luke,Sewell,160.0,69.0,R,R,C,N,0.258777633289987,0.320156755835747,0.341259520713357
9091,workmch01,8,526,1749,213,423,57,7,50,230.0,24.0,161,202.0,Chuck,Workman,175.0,72.0,L,R,OF,N,0.241852487135506,0.30575916230366496,0.36821040594625504
3764,hislela01,14,1197,4205,652,1146,193,32,166,674.0,128.0,462,941.0,Larry,Hisle,193.0,74.0,R,R,OF,N,0.27253269916765804,0.344546818084423,0.45208085612366206
2460,ennisde01,13,1903,7254,985,2063,358,69,288,1284.0,45.0,597,719.0,Del,Ennis,195.0,72.0,R,R,OF,N,0.2843948166528811,0.338810342631512,0.4718775847808111
1246,canavji01,6,541,2072,326,464,63,49,30,291.0,114.0,232,165.0,Jim,Canavan,160.0,68.0,R,R,2B,N,0.22393822393822402,0.30208333333333304,0.34507722007721997
2384,eastete01,6,706,2020,215,607,88,38,8,261.0,42.0,107,,Ted,Easterly,165.0,68.0,L,R,C,N,0.30049504950495,0.335684062059238,0.39356435643564397
8332,thompsc01,7,626,1273,132,333,52,9,5,110.0,17.0,97,141.0,Scot,Thompson,195.0,75.0,L,L,1B,N,0.261586802827965,0.313868613138686,0.328358208955224
9183,zeidero01,8,941,3210,393,769,89,22,5,253.0,223.0,334,,Rollie,Zeider,162.0,70.0,R,R,3B,N,0.239563862928349,0.31123024830699797,0.28566978193146403
1054,buckjo01,10,1090,3612,389,844,172,9,134,491.0,6.0,307,959.0,John,Buck,245.0,75.0,R,R,C,N,0.23366555924695498,0.293697371778515,0.397563676633444
295,aybarer01,11,1454,5175,643,1402,256,46,58,473.0,155.0,285,670.0,Erick,Aybar,195.0,70.0,B,R,SS,N,0.270917874396135,0.308974358974359,0.37178743961352706
454,bassljo01,14,811,2319,250,704,99,16,1,318.0,13.0,437,81.0,Johnny,Bassler,170.0,69.0,L,R,C,N,0.303579128934886,0.414005805515239,0.36136265631737796
2291,drewst01,11,1268,4403,565,1109,258,63,123,524.0,41.0,435,926.0,Stephen,Drew,220.0,72.0,L,R,SS,N,0.251873722461958,0.31914014055394796,0.42289348171701097
1992,davisch01,18,2436,8673,1240,2380,424,30,350,1372.0,142.0,1194,1698.0,Chili,Davis,195.0,75.0,B,R,OF,N,0.274414850686037,0.36221749265227504,0.4512855989853571
3770,hoblidi01,10,1318,4706,591,1310,194,88,27,593.0,173.0,407,321.0,Dick,Hoblitzell,172.0,72.0,L,R,1B,N,0.27836804079898,0.335810678662234,0.374203144921377
260,asprobo01,15,1324,4369,386,1103,135,26,60,457.0,19.0,333,459.0,Bob,Aspromonte,170.0,74.0,R,R,3B,N,0.252460517280842,0.30540195661420694,0.336461432822156
4666,larkiba01,18,2180,7937,1329,2340,441,76,198,960.0,379.0,939,817.0,Barry,Larkin,185.0,72.0,R,R,SS,Player,0.29482172105329496,0.369423163587201,0.444374448784175
919,brettge01,20,2707,10349,1583,3154,665,137,317,1596.0,201.0,1096,908.0,George,Brett,185.0,72.0,L,R,3B,Player,0.30476374528940003,0.37134119702927,0.4873900859986471
5335,mccarti01,21,1909,5529,590,1501,242,57,97,645.0,61.0,548,422.0,Tim,McCarver,183.0,72.0,L,R,C,N,0.27147766323024103,0.337172947177884,0.388497015735214
5117,mannle01,15,1498,4716,677,1332,203,106,44,503.0,129.0,324,464.0,Les,Mann,172.0,69.0,R,R,OF,N,0.282442748091603,0.32857142857142896,0.3984308736217129
7322,sandera01,7,630,2182,321,597,114,19,42,329.0,8.0,328,216.0,Ray,Sanders,185.0,74.0,L,R,1B,N,0.273602199816682,0.36852589641434297,0.40100824931255696
2051,deerro01,12,1155,3881,578,853,148,13,230,600.0,43.0,575,1409.0,Rob,Deer,210.0,75.0,R,R,OF,N,0.219788714248905,0.320466786355476,0.4424117495490851
968,brousbe01,6,705,2136,275,561,114,13,87,314.0,15.0,171,466.0,Ben,Broussard,220.0,74.0,L,L,1B,N,0.26264044943820203,0.317295188556567,0.450374531835206
758,bogaexa01,5,759,2931,432,832,176,14,74,386.0,49.0,245,593.0,Xander,Bogaerts,210.0,73.0,R,R,SS,N,0.283862163084272,0.339105793450882,0.42920504947117
3884,housefr03,11,653,1994,202,494,64,11,47,235.0,6.0,151,147.0,Frank,House,190.0,73.0,L,R,C,N,0.24774322968906698,0.300699300699301,0.361584754262788
4943,lowelmi01,12,1601,5813,771,1619,394,7,223,952.0,30.0,548,817.0,Mike,Lowell,195.0,76.0,R,R,3B,N,0.278513676242904,0.340669706021066,0.46378806124204397
5616,millafe01,11,1480,5791,699,1617,229,38,22,403.0,67.0,318,242.0,Felix,Millan,172.0,71.0,R,R,2B,N,0.279226385771024,0.316745784907513,0.343291314108099
7833,snowjt01,16,1716,5641,798,1509,293,19,189,877.0,20.0,760,1142.0,J. T.,Snow,200.0,74.0,L,L,1B,N,0.267505761389825,0.354475863146383,0.426697394079064
2554,farrejo02,4,541,2172,329,567,93,28,4,141.0,68.0,193,154.0,John,Farrell,160.0,70.0,R,R,2B,N,0.261049723756906,0.321353065539112,0.33517495395948405
2226,donneji01,14,654,2388,322,549,56,28,2,,,169,,Jim,Donnelly,155.0,70.0,R,R,3B,N,0.229899497487437,0.280797809933516,0.27931323283082105
8946,williea02,7,889,3058,361,756,115,6,138,457.0,2.0,298,574.0,Earl,Williams,215.0,75.0,R,R,1B,N,0.24722040549378702,0.314064362336114,0.424133420536298
3923,hubbagl01,11,1354,4441,545,1084,214,22,70,448.0,35.0,539,640.0,Glenn,Hubbard,150.0,69.0,R,R,2B,N,0.244089169106057,0.325903614457831,0.349470839900923
5859,mowremi01,12,1276,4291,485,1099,183,54,7,461.0,167.0,469,366.0,Mike,Mowrey,180.0,70.0,R,R,3B,N,0.25611745513866196,0.329411764705882,0.328827779072477
8915,wiggial01,6,631,2247,346,581,61,19,5,118.0,242.0,235,193.0,Alan,Wiggins,160.0,74.0,B,R,2B,N,0.258566978193146,0.32876712328767105,0.30930129060970196
384,barfije01,11,1428,4759,715,1219,216,30,241,716.0,66.0,551,1234.0,Jesse,Barfield,200.0,73.0,R,R,OF,N,0.256146249212019,0.33333333333333304,0.466064299222526
6826,realmjt01,4,540,1988,255,555,114,16,59,243.0,31.0,122,388.0,J. T.,Realmuto,210.0,73.0,R,R,C,N,0.279175050301811,0.32085308056872,0.441649899396378
3596,heidrem01,10,757,3047,468,914,108,73,16,342.0,186.0,146,202.0,Emmet,Heidrick,185.0,72.0,L,R,OF,N,0.29996718083360696,0.331976197932978,0.3990810633409911
2190,disarga01,11,1086,3744,444,966,186,20,28,355.0,47.0,154,306.0,Gary,Disarcina,170.0,73.0,R,R,SS,N,0.258012820512821,0.287326834273987,0.340811965811966
5992,nealch01,7,970,3316,461,858,113,38,87,391.0,48.0,337,557.0,Charlie,Neal,165.0,70.0,R,R,2B,N,0.25874547647768403,0.327128387626608,0.394451145958987
4592,laabsch01,10,950,3102,467,813,151,44,117,509.0,32.0,389,595.0,Chet,Laabs,175.0,68.0,R,R,OF,N,0.26208897485493204,0.34431395015754807,0.452288845905867
5336,mccarto01,12,1273,5120,1066,1493,191,53,44,,,536,,Tommy,McCarthy,170.0,67.0,R,R,OF,Player,0.2916015625,0.358734087694484,0.375390625
5275,maybejo01,14,1620,5447,733,1379,211,19,255,879.0,20.0,881,810.0,John,Mayberry,215.0,75.0,L,L,1B,N,0.253166880851845,0.3571428571428571,0.43932439875160606
5824,morrilo01,8,959,3271,408,782,161,21,137,421.0,23.0,387,722.0,Logan,Morrison,245.0,75.0,L,L,1B,N,0.23907062060531895,0.31957353745216,0.426780800978294
4265,joynewa01,15,2033,7127,973,2060,409,26,204,1106.0,60.0,833,825.0,Wally,Joyner,185.0,74.0,L,L,1B,N,0.28904167251297896,0.363442211055276,0.439595902904448
8997,wilsoda01,13,1299,4186,441,1097,211,13,88,519.0,23.0,280,763.0,Dan,Wilson,190.0,75.0,R,R,C,N,0.26206402293358805,0.30832960143305,0.381748686096512
3511,hartlgr01,23,569,1319,135,353,60,11,3,144.0,29.0,127,97.0,Grover,Hartley,175.0,71.0,R,R,C,N,0.26762699014404895,0.33195020746888,0.336618650492798
8785,weavebu01,8,1254,4809,623,1308,198,69,21,421.0,172.0,183,,Buck,Weaver,170.0,71.0,B,R,SS,N,0.27199001871491,0.298677884615385,0.35495945102932
1860,cruiswa01,10,736,2321,293,644,83,39,30,272.0,49.0,238,250.0,Walton,Cruise,175.0,72.0,L,R,OF,N,0.27746660922016403,0.34466588511137203,0.385609651012495
8790,webstle01,11,587,1450,157,368,73,2,33,176.0,1.0,140,209.0,Lenny,Webster,185.0,69.0,R,R,C,N,0.253793103448276,0.319496855345912,0.37517241379310295
3264,griffke02,21,2671,9801,1662,2781,524,38,630,1836.0,184.0,1312,1779.0,Ken,Griffey,195.0,75.0,L,L,OF,Player,0.28374655647382896,0.368307387744084,0.5378022650749921
2997,gilbe01,10,604,1610,158,381,75,12,32,171.0,24.0,102,448.0,Benji,Gil,210.0,74.0,R,R,SS,N,0.23664596273291896,0.28212616822429903,0.35776397515528
1091,burkeje01,15,2067,8426,1720,2850,320,182,75,952.0,389.0,1029,613.0,Jesse,Burkett,155.0,68.0,L,L,OF,Player,0.338238784713981,0.410259122157589,0.44611915499644006
8510,unglabo01,6,595,2150,188,554,67,35,5,216.0,66.0,88,246.0,Bob,Unglaub,178.0,71.0,R,R,1B,N,0.257674418604651,0.28686327077748,0.32837209302325604
7718,slaglji01,9,1300,5005,781,1343,124,56,2,344.0,274.0,619,421.0,Jimmy,Slagle,144.0,67.0,L,R,OF,N,0.268331668331668,0.348862019914651,0.316683316683317
5842,mossbr01,10,1016,3133,419,742,159,17,160,473.0,11.0,328,968.0,Brandon,Moss,210.0,73.0,L,R,OF,N,0.23683370571337398,0.309159202542618,0.45164379189275505
5361,mccreto01,8,802,2962,465,857,99,76,27,388.0,116.0,310,374.0,Tom,McCreery,180.0,71.0,B,R,OF,N,0.289331532748143,0.35666259168704206,0.40141796083727205
7438,schmimi01,17,2404,8352,1506,2234,408,59,548,1595.0,174.0,1507,1883.0,Mike,Schmidt,195.0,74.0,R,R,3B,Player,0.267480842911877,0.379450248503905,0.5272988505747129
8035,stirnsn01,9,1028,3695,604,989,157,68,29,281.0,134.0,541,447.0,Snuffy,Stirnweiss,175.0,68.0,R,R,2B,N,0.26765899864682,0.36118980169971704,0.37050067658998603
5540,menchke01,8,729,2362,311,632,150,14,89,331.0,12.0,183,335.0,Kevin,Mench,215.0,72.0,R,R,OF,N,0.267569856054191,0.32023575638506896,0.45596951735817104
6291,otted01,7,567,1792,196,465,76,10,33,195.0,14.0,138,254.0,Ed,Ott,190.0,70.0,L,R,C,N,0.259486607142857,0.312435233160622,0.36830357142857106
4880,loducpa01,10,1082,3892,483,1112,222,8,80,481.0,20.0,266,295.0,Paul,Lo Duca,193.0,70.0,R,R,C,N,0.28571428571428603,0.331409331409331,0.408530318602261
735,bloodji01,14,1002,3519,347,874,160,20,62,451.0,19.0,202,407.0,Jimmy,Bloodworth,180.0,71.0,R,R,2B,N,0.248366013071895,0.289169578070411,0.358056265984655
3905,howarry01,12,1572,5707,848,1475,277,21,382,1194.0,12.0,709,1843.0,Ryan,Howard,250.0,76.0,L,L,1B,N,0.25845452952514497,0.34039900249376603,0.5151568249518139
3729,highan01,12,1314,4400,618,1250,195,65,44,482.0,33.0,425,130.0,Andy,High,155.0,66.0,L,R,2B,N,0.284090909090909,0.347150259067358,0.38795454545454494
3737,hilldo01,9,756,2307,276,594,91,14,26,228.0,22.0,175,225.0,Donnie,Hill,160.0,70.0,B,R,2B,N,0.257477243172952,0.30983078162772,0.342869527524924
8673,wakefdi01,11,638,2132,334,625,102,29,56,315.0,10.0,360,270.0,Dick,Wakefield,210.0,76.0,L,R,OF,N,0.29315196998123805,0.395264847512038,0.446998123827392
7294,salmoti01,14,1672,5934,986,1674,339,24,299,1016.0,48.0,970,1360.0,Tim,Salmon,200.0,75.0,R,R,OF,N,0.28210313447927193,0.382966396292005,0.498483316481294
5177,martibi02,11,1021,3419,425,877,137,28,64,333.0,34.0,188,355.0,Billy,Martin,165.0,71.0,R,R,2B,N,0.25650775080432897,0.295259218186859,0.36911377595788203
8614,veryzto01,11,996,2848,250,687,84,12,14,231.0,9.0,143,329.0,Tom,Veryzer,175.0,73.0,R,R,SS,N,0.24122191011235997,0.277499164159144,0.293890449438202
256,ashbyal01,16,1370,4123,397,1010,183,13,90,513.0,7.0,461,622.0,Alan,Ashby,185.0,74.0,B,R,C,N,0.244967256851807,0.32089877835951097,0.36114479747756506
4076,jamesdi01,13,917,2708,362,781,142,21,32,266.0,43.0,318,307.0,Dion,James,170.0,73.0,L,L,OF,N,0.288404726735598,0.363185723727693,0.391802067946824
5216,martiti02,15,2023,7111,1009,1925,365,21,339,1271.0,27.0,780,1069.0,Tino,Martinez,205.0,74.0,L,R,1B,N,0.270707354802419,0.34279558991255893,0.470960483757559
6545,phillbr01,16,1902,7378,1005,2029,368,35,211,951.0,209.0,420,1092.0,Brandon,Phillips,211.0,72.0,R,R,2B,N,0.27500677690430997,0.314054885868171,0.420168067226891
5661,millira01,7,703,2118,305,553,106,10,70,284.0,16.0,447,431.0,Randy,Milligan,200.0,74.0,R,R,1B,N,0.26109537299339,0.38986354775828497,0.419735599622285
3515,hartnga01,19,1990,6432,867,1912,396,64,236,1179.0,28.0,703,697.0,Gabby,Hartnett,195.0,73.0,R,R,C,Player,0.29726368159204,0.36650315346881607,0.488805970149254
1239,campbvi01,7,546,2069,326,642,85,36,15,167.0,92.0,132,156.0,Vin,Campbell,185.0,72.0,L,R,OF,N,0.310294828419526,0.351658337119491,0.407926534557757
9134,yorkto01,14,963,4005,743,1095,218,89,14,,,198,,Tom,York,165.0,69.0,L,L,OF,N,0.27340823970037503,0.307637401855817,0.38277153558052396
2505,evansdw01,19,2606,8996,1470,2446,483,73,385,1384.0,78.0,1391,1697.0,Dwight,Evans,180.0,74.0,R,R,OF,N,0.271898621609604,0.36940406277077104,0.470208981769675
6778,ramiral03,8,1371,5134,601,1387,249,17,115,590.0,143.0,263,650.0,Alexei,Ramirez,180.0,74.0,R,R,SS,N,0.270159719516946,0.30572540300166806,0.392481495909622
1821,crispco01,14,1586,5930,877,1572,308,57,130,639.0,309.0,561,865.0,Coco,Crisp,185.0,70.0,B,R,OF,N,0.26509274873524497,0.328608843013403,0.40202360876897103
100,allenet01,12,1281,4418,623,1325,255,45,47,501.0,84.0,223,310.0,Ethan,Allen,180.0,73.0,R,R,OF,N,0.299909461294703,0.333548804137039,0.40991398822996794
1195,caldeiv01,9,924,3312,470,901,200,25,104,444.0,97.0,306,556.0,Ivan,Calderon,220.0,73.0,R,R,OF,N,0.272041062801932,0.333609729132117,0.441727053140097
4174,johnsro02,9,1155,4359,717,1292,275,83,58,556.0,135.0,489,380.0,Roy,Johnson,175.0,69.0,L,R,OF,N,0.296398256480844,0.36736798679868,0.43748566184904797
5865,muelldo01,11,1245,4364,499,1292,139,37,65,520.0,11.0,167,146.0,Don,Mueller,185.0,72.0,L,R,OF,N,0.296058661778185,0.32200397263297303,0.38955087076077
6463,pepitjo01,11,1397,5097,606,1315,158,35,219,721.0,41.0,302,526.0,Joe,Pepitone,185.0,74.0,L,L,1B,N,0.257994898960173,0.299499907390257,0.43162644692956603
6905,renteed01,15,2152,8142,1200,2327,436,29,140,923.0,294.0,718,1182.0,Edgar,Renteria,200.0,73.0,R,R,SS,N,0.28580201424711404,0.34367945823927804,0.398059444853844
688,blackch02,7,920,3512,601,1062,185,40,140,425.0,127.0,258,653.0,Charlie,Blackmon,210.0,75.0,L,L,OF,N,0.302391799544419,0.35013262599469497,0.49743735763098
8809,weisswa01,13,1495,4686,623,1207,182,31,25,386.0,96.0,658,658.0,Walt,Weiss,175.0,72.0,B,R,SS,N,0.257575757575758,0.348989520958084,0.32565087494665
956,brohaja01,8,805,2500,262,613,91,12,30,227.0,9.0,222,178.0,Jack,Brohamer,165.0,70.0,L,R,2B,N,0.2452,0.306759735488611,0.3272
3256,grievto01,9,670,1907,209,474,76,10,65,254.0,7.0,135,424.0,Tom,Grieve,190.0,74.0,R,R,OF,N,0.248557944415312,0.29823702252693396,0.40115364446775
7318,sandbry01,16,2164,8385,1318,2386,403,76,282,1061.0,344.0,761,1260.0,Ryne,Sandberg,175.0,73.0,R,R,2B,Player,0.284555754323196,0.344084845834244,0.45163983303518196
8853,wheatza01,18,2410,9106,1289,2884,476,172,132,1248.0,205.0,650,572.0,Zack,Wheat,170.0,70.0,L,R,OF,Player,0.31671425433779904,0.36223862238622395,0.450252580716011
3284,grossga01,6,657,1461,203,349,78,8,40,186.0,22.0,199,349.0,Gabe,Gross,200.0,75.0,L,R,OF,N,0.238877481177276,0.330120481927711,0.38535249828884294
1915,cutshge01,11,1516,5621,629,1487,195,89,25,653.0,271.0,300,242.0,George,Cutshaw,160.0,69.0,R,R,2B,N,0.26454367550258,0.301807127174464,0.344244796299591
5209,martipe01,16,1189,4117,754,1227,270,75,59,501.0,146.0,369,438.0,Pepper,Martin,170.0,68.0,R,R,OF,N,0.29803254797182394,0.3557735176103429,0.443041049307748
8665,wagneho01,20,2794,10439,1739,3420,643,252,101,1733.0,723.0,963,735.0,Honus,Wagner,200.0,71.0,R,R,SS,Player,0.32761758789156004,0.384406244518506,0.46651978158827506
6209,olivomi01,12,1124,3765,435,905,177,26,145,490.0,53.0,158,1060.0,Miguel,Olivo,230.0,72.0,R,R,C,N,0.240371845949535,0.27096609737445804,0.416733067729084
7987,steinte01,13,1546,5369,638,1453,273,21,162,745.0,23.0,418,938.0,Terry,Steinbach,195.0,73.0,R,R,C,N,0.270627677407338,0.323310869189563,0.41981747066492797
6950,riceji01,15,2089,8225,1249,2452,373,79,382,1451.0,58.0,670,1423.0,Jim,Rice,200.0,74.0,R,R,OF,Player,0.298115501519757,0.35098369870713897,0.502006079027356
903,breamsi01,11,1088,3108,351,819,191,12,90,455.0,50.0,353,450.0,Sid,Bream,215.0,76.0,L,L,1B,N,0.263513513513513,0.33863045362612004,0.41956241956241996
2083,delluda01,12,1099,2873,431,736,141,35,101,398.0,41.0,322,714.0,David,Dellucci,180.0,70.0,L,L,OF,N,0.256178210929342,0.331142410015649,0.43508527671423597
7731,smallro01,10,872,2644,277,601,103,33,61,305.0,4.0,257,541.0,Roy,Smalley,190.0,75.0,R,R,SS,N,0.22730711043872898,0.295760082730093,0.360438729198185
6862,reesepo01,7,856,2833,366,704,128,17,44,271.0,144.0,226,531.0,Pokey,Reese,180.0,71.0,R,R,2B,N,0.24849982350864802,0.30402092186989194,0.352276738439816
7177,rosemch01,8,681,2761,443,726,120,49,17,,,133,,Chief,Roseman,167.0,67.0,R,R,OF,N,0.262948207171315,0.296821008984105,0.360376675117711
2044,decindo01,14,1649,5809,778,1505,312,29,237,879.0,58.0,618,904.0,Doug,DeCinces,190.0,74.0,R,R,3B,N,0.259080736787743,0.330325190602147,0.445171285935617
383,bardjo01,9,586,1778,162,452,109,3,39,220.0,1.0,175,299.0,Josh,Bard,225.0,75.0,B,R,C,N,0.25421822272216,0.321044546850998,0.38470191226096706
7969,statzji01,9,683,2585,376,737,114,31,17,215.0,77.0,194,211.0,Jigger,Statz,150.0,67.0,R,R,OF,N,0.28510638297872304,0.33501259445843795,0.372920696324952
5355,mccovwi01,21,2588,8197,1229,2211,353,46,521,1555.0,26.0,1345,1550.0,Willie,McCovey,198.0,76.0,L,L,1B,Player,0.269732829083811,0.372668203730874,0.514700500182994
7223,ruckejo01,6,705,2617,354,711,105,39,21,214.0,35.0,109,248.0,Johnny,Rucker,175.0,74.0,L,R,OF,N,0.271685135651509,0.30080704328686697,0.365685899885365
5709,molinjo01,15,947,2546,240,592,117,3,39,223.0,20.0,154,576.0,Jose,Molina,250.0,72.0,R,R,C,N,0.23252160251374698,0.276296296296296,0.326787117046347
783,bonifem01,10,831,2610,355,669,95,33,13,165.0,166.0,215,603.0,Emilio,Bonifacio,210.0,70.0,B,R,OF,N,0.25632183908046,0.312920353982301,0.33295019157088107
1607,colemra01,5,559,1729,208,446,74,33,20,199.0,19.0,148,158.0,Ray,Coleman,170.0,71.0,L,R,OF,N,0.257952573742047,0.31646244006393204,0.3736263736263739
7256,ryanbr01,9,896,2591,304,604,116,18,19,203.0,67.0,198,490.0,Brendan,Ryan,190.0,73.0,R,R,SS,N,0.23311462755692802,0.287558264610972,0.31377846391354697
2507,evansjo01,10,733,2043,306,529,71,31,3,210.0,67.0,212,152.0,Joe,Evans,160.0,69.0,R,R,OF,N,0.258932941752325,0.32860310421286,0.32843857072932003
8824,welshji01,5,715,2684,387,778,127,47,35,288.0,37.0,156,144.0,Jimmy,Welsh,174.0,73.0,L,R,OF,N,0.289865871833085,0.32887323943662,0.411326378539493
3358,hafeych01,13,1283,4625,777,1466,341,67,164,833.0,70.0,372,477.0,Chick,Hafey,185.0,72.0,R,R,OF,Player,0.316972972972973,0.36782069241544896,0.5260540540540539
366,bankser01,18,2528,9421,1305,2583,407,90,512,1636.0,50.0,763,1236.0,Ernie,Banks,180.0,73.0,R,R,1B,Player,0.27417471605986604,0.32855459544383303,0.49952234370024395
7443,schoere01,18,2216,8479,1223,2449,427,78,84,773.0,89.0,606,346.0,Red,Schoendienst,170.0,72.0,B,R,2B,Player,0.28883123009788897,0.33626857457347303,0.38730982427172994
3864,hornsro01,22,2259,8173,1579,2930,541,169,301,1584.0,135.0,1038,679.0,Rogers,Hornsby,175.0,71.0,R,R,2B,Player,0.35849749174109896,0.430789273694496,0.576532485011624
3324,gustifr01,11,1261,4582,553,1214,222,47,38,480.0,60.0,369,427.0,Frankie,Gustine,175.0,72.0,R,R,3B,N,0.264949803579223,0.31973338719450606,0.358795285901353
7983,steinha01,13,1647,5900,759,1578,284,90,27,762.0,202.0,471,479.0,Harry,Steinfeldt,180.0,69.0,R,R,3B,N,0.26745762711864396,0.321613561450322,0.3598305084745759
8390,toporsp01,7,546,1566,223,437,76,22,9,151.0,22.0,150,93.0,Specs,Toporcer,165.0,70.0,L,R,2B,N,0.279054916985951,0.34207459207459195,0.37292464878671794
7450,schreos01,11,895,3057,304,829,136,31,9,338.0,52.0,102,146.0,Ossee,Schrecongost,180.0,70.0,R,R,C,N,0.271180896303566,0.294713516935739,0.344782466470396
7173,rosebjo01,13,1585,4847,512,1206,190,44,104,548.0,67.0,547,677.0,John,Roseboro,190.0,71.0,L,R,C,N,0.248813699195379,0.324990730441231,0.37053847740870605
8098,suderpe01,14,1421,5085,469,1268,210,44,49,541.0,19.0,288,456.0,Pete,Suder,175.0,72.0,R,R,2B,N,0.24936086529006898,0.289596128792109,0.33687315634218296
2688,flynndo01,10,1308,3853,288,918,115,39,7,284.0,20.0,151,320.0,Doug,Flynn,165.0,71.0,R,R,2B,N,0.23825590449000797,0.26698301698301696,0.29379704126654604
653,bevacku01,14,970,2117,214,499,90,11,27,275.0,12.0,221,329.0,Kurt,Bevacqua,180.0,72.0,R,R,3B,N,0.23571091166745398,0.307955517536356,0.32687765706188
6473,perezed02,10,564,1525,137,386,85,2,40,172.0,1.0,84,234.0,Eddie,Perez,175.0,73.0,R,R,C,N,0.25311475409836104,0.29210689869484197,0.390163934426229
8587,vazqura01,8,696,1951,244,496,86,17,22,176.0,20.0,217,414.0,Ramon,Vazquez,195.0,71.0,L,R,2B,N,0.254228600717581,0.32887453874538697,0.34956432598667303
4729,leecl01,7,521,1583,216,475,87,28,38,216.0,14.0,104,186.0,Cliff,Lee,175.0,73.0,R,R,OF,N,0.300063171193936,0.34321280379371694,0.462413139608339
6299,overbly01,13,1587,5102,645,1355,356,12,151,675.0,19.0,638,1108.0,Lyle,Overbay,235.0,74.0,L,L,1B,N,0.265582124656997,0.34721254355400705,0.428851430811446
7898,spencsh01,6,538,1671,208,438,84,8,59,242.0,13.0,152,357.0,Shane,Spencer,210.0,71.0,R,R,OF,N,0.262118491921005,0.32364234777838696,0.427887492519449
8032,stinnke01,13,734,2033,228,476,91,4,65,230.0,10.0,196,567.0,Kelly,Stinnett,195.0,71.0,R,R,C,N,0.23413674372848,0.301480484522207,0.378750614854894
2354,durhara01,13,1975,7408,1249,2054,440,79,192,875.0,273.0,820,1201.0,Ray,Durham,170.0,68.0,B,R,2B,N,0.277267818574514,0.34929508993680103,0.435745140388769
7994,stenzja01,9,768,3031,664,1024,190,71,32,533.0,292.0,300,110.0,Jake,Stenzel,168.0,70.0,R,R,OF,N,0.337842296271857,0.397478234764335,0.47904981854173495
6145,obriejo02,8,501,1910,246,486,47,17,12,229.0,45.0,154,81.0,John,O'Brien,175.0,69.0,L,R,2B,N,0.254450261780105,0.31007751937984496,0.315706806282723
6303,owenmi01,17,1209,3649,338,929,163,21,14,378.0,36.0,326,181.0,Mickey,Owen,190.0,70.0,R,R,C,N,0.254590298711976,0.315723270440252,0.32228007673335196
6406,pauliro01,7,573,1867,181,508,93,1,33,216.0,4.0,145,328.0,Ronny,Paulino,250.0,75.0,R,R,C,N,0.272094268880557,0.32455268389662,0.37600428494911603
572,benarma01,8,891,2630,441,714,138,21,54,260.0,105.0,265,454.0,Marvin,Benard,180.0,70.0,L,L,OF,N,0.27148288973384,0.33816925734024195,0.401520912547529
6586,pilaral01,5,668,1614,205,413,66,7,22,143.0,41.0,185,150.0,Al,Pilarcik,180.0,70.0,L,L,OF,N,0.255885997521685,0.33240689271817697,0.34634448574969
8811,welchcu01,9,1107,4385,915,1152,215,66,16,,,381,,Curt,Welch,175.0,70.0,R,R,OF,N,0.26271379703534803,0.321653378094838,0.352793614595211
5819,morrijo01,14,1265,4912,821,1275,239,80,43,643.0,,358,656.0,John,Morrill,155.0,70.0,R,R,1B,N,0.259568403908795,0.309867172675522,0.36706026058631896
823,bosweke01,10,930,2517,266,625,91,19,31,244.0,27.0,240,239.0,Ken,Boswell,170.0,72.0,L,R,2B,N,0.248311481922924,0.313746826260428,0.336511720301947
2206,dolanco01,11,830,3174,428,855,99,37,10,315.0,114.0,227,302.0,Cozy,Dolan,160.0,70.0,L,L,OF,N,0.26937618147448,0.31814172302264,0.33333333333333304
8293,thomaan01,5,577,2103,182,493,76,4,42,228.0,22.0,59,301.0,Andres,Thomas,170.0,73.0,R,R,SS,N,0.234427009034712,0.25531914893617,0.334284355682359
6240,oquenjo01,12,1190,3202,339,821,104,24,14,254.0,35.0,448,376.0,Jose,Oquendo,160.0,70.0,B,R,SS,N,0.256402248594628,0.34767123287671203,0.316989381636477
1710,coopece01,16,1896,7349,1012,2192,415,47,241,1125.0,89.0,448,911.0,Cecil,Cooper,165.0,74.0,L,L,1B,N,0.298271873724316,0.33859176606387104,0.46591372975915096
5913,murphdw01,11,1360,4347,648,1069,139,20,166,609.0,100.0,747,953.0,Dwayne,Murphy,185.0,73.0,L,R,OF,N,0.245916724177594,0.356497840596781,0.40165631469979296
4051,jacksre01,20,2820,9864,1551,2584,463,49,563,1702.0,228.0,1375,2597.0,Reggie,Jackson,195.0,72.0,L,L,OF,Player,0.26196269261962696,0.35225553874899895,0.490064882400649
7819,smootho01,4,680,2635,308,763,102,45,15,269.0,84.0,149,300.0,Homer,Smoot,180.0,70.0,L,R,OF,N,0.28956356736242894,0.327586206896552,0.379506641366224
4852,listapa01,5,503,1772,250,444,63,13,5,143.0,116.0,167,338.0,Pat,Listach,170.0,69.0,B,R,SS,N,0.250564334085779,0.315110881897885,0.30925507900677196
3972,huntebi03,5,630,1875,166,410,58,18,16,144.0,23.0,111,192.0,Billy,Hunter,180.0,72.0,R,R,SS,N,0.21866666666666698,0.26233635448137,0.2944
9083,woodsro01,5,582,1247,162,290,34,12,26,130.0,27.0,175,171.0,Ron,Woods,168.0,70.0,R,R,OF,N,0.232558139534884,0.32700421940928304,0.341619887730553
1874,cruzne02,13,1569,5758,838,1580,298,13,360,1011.0,76.0,551,1436.0,Nelson,Cruz,230.0,74.0,R,R,OF,N,0.274400833622786,0.33777143762878403,0.518235498436957
7934,stairma01,19,1895,5204,770,1366,294,13,265,899.0,30.0,717,1122.0,Matt,Stairs,200.0,69.0,L,R,OF,N,0.262490392006149,0.35179868265495695,0.47674865488086104
3552,hawpebr01,9,910,2934,400,806,176,23,124,492.0,13.0,430,810.0,Brad,Hawpe,190.0,74.0,L,L,OF,N,0.274710293115201,0.367419738406659,0.477164280845262
1135,bushdo01,15,1946,7210,1281,1804,186,74,9,436.0,404.0,1158,,Donie,Bush,140.0,66.0,B,R,SS,N,0.250208044382802,0.353967495219885,0.300277392510402
4568,kryhodi01,6,569,1794,203,475,85,14,45,231.0,5.0,119,163.0,Dick,Kryhoski,182.0,74.0,L,L,1B,N,0.264771460423634,0.310507056978568,0.403010033444816
4848,liriane01,11,823,2216,296,576,105,27,25,240.0,59.0,212,300.0,Nelson,Liriano,165.0,70.0,B,R,2B,N,0.259927797833935,0.324546952224053,0.36552346570397104
992,brownem01,12,739,2249,296,581,112,12,59,326.0,52.0,197,468.0,Emil,Brown,195.0,74.0,R,R,OF,N,0.258337038683859,0.31807031888798,0.39751000444642104
1065,buforda01,8,699,1853,280,448,86,9,54,218.0,56.0,173,430.0,Damon,Buford,170.0,70.0,R,R,OF,N,0.241770102536427,0.306515301085884,0.38532110091743105
9178,zaungr01,15,1232,3489,437,878,194,9,88,446.0,23.0,479,544.0,Gregg,Zaun,170.0,70.0,B,R,C,N,0.25164803668673,0.34198588709677397,0.38807681284035495
1526,clarkni01,15,506,1536,157,390,64,20,6,127.0,16.0,138,,Nig,Clarke,165.0,68.0,L,R,C,N,0.25390625,0.315412186379928,0.33333333333333304
4451,kittrma01,16,1216,4029,375,882,108,31,17,391.0,64.0,314,274.0,Malachi,Kittridge,170.0,67.0,R,R,C,N,0.21891288160834,0.275385678102694,0.273765202283445
5953,myersgr01,18,1108,3042,333,776,150,7,87,396.0,3.0,268,539.0,Greg,Myers,200.0,73.0,L,R,C,N,0.255095332018409,0.315407854984894,0.39480604865220204
4101,jenkige01,10,1349,4700,688,1293,303,22,221,733.0,32.0,418,1186.0,Geoff,Jenkins,205.0,73.0,L,R,OF,N,0.27510638297872303,0.33431027745213004,0.49
6302,owenma01,9,1011,3782,473,1040,167,44,31,497.0,30.0,338,283.0,Marv,Owen,175.0,73.0,R,R,3B,N,0.27498677948175604,0.334466019417476,0.36700158646218894
2121,desmoia01,9,1338,4999,660,1319,246,33,161,646.0,178.0,353,1283.0,Ian,Desmond,215.0,75.0,R,R,SS,N,0.26385277055411105,0.312406576980568,0.42288457691538295
3048,glanvdo01,8,1115,3964,553,1100,166,32,59,333.0,168.0,208,502.0,Doug,Glanville,170.0,74.0,R,R,OF,N,0.277497477295661,0.313518696069032,0.380171543895055
4960,luderfr01,11,1346,4851,570,1344,251,54,84,642.0,55.0,414,429.0,Fred,Luderus,185.0,71.0,L,R,1B,N,0.277056277056277,0.333903133903134,0.403009688723974
7520,selkige01,8,846,2790,503,810,131,41,108,576.0,49.0,486,319.0,George,Selkirk,182.0,73.0,L,R,OF,N,0.29032258064516103,0.39560439560439603,0.482795698924731
7649,siebedi01,13,1035,3917,439,1104,204,40,32,482.0,30.0,276,185.0,Dick,Siebert,170.0,72.0,L,L,1B,N,0.28184835333163105,0.329119961841164,0.378861373500128
5175,martial03,11,1232,4242,664,1172,220,48,132,485.0,173.0,390,879.0,Al,Martin,220.0,74.0,L,L,OF,N,0.27628477133427604,0.337219343696028,0.444130127298444
76,aldremi01,10,930,2147,277,565,104,9,41,271.0,19.0,314,381.0,Mike,Aldrete,180.0,71.0,L,L,OF,N,0.263157894736842,0.357171881349045,0.37727061015370295
4196,jonesch01,13,894,3738,733,1114,172,102,56,552.0,,237,,Charley,Jones,202.0,71.0,R,R,OF,N,0.29802033172819703,0.339874213836478,0.443552701979668
4028,iviemi01,12,857,2694,309,724,133,17,81,411.0,22.0,214,402.0,Mike,Ivie,205.0,75.0,R,R,1B,N,0.26874536005939104,0.322558459422283,0.420935412026726
8698,walkeru01,10,608,1585,114,360,69,3,35,192.0,3.0,150,213.0,Rube,Walker,175.0,72.0,L,R,C,N,0.227129337539432,0.293948126801153,0.340694006309148
2771,freelry01,8,594,1983,306,532,100,17,22,122.0,143.0,222,350.0,Ryan,Freel,185.0,70.0,R,R,OF,N,0.26828038325769,0.341950113378685,0.3691376701966721
4995,lynchje01,12,1184,2879,364,798,123,34,115,470.0,12.0,224,416.0,Jerry,Lynch,185.0,73.0,L,R,OF,N,0.27717957624175105,0.32935868514341,0.4633553317124
3085,goldspa01,7,1092,3975,709,1182,267,19,209,710.0,124.0,655,1059.0,Paul,Goldschmidt,225.0,75.0,R,R,1B,N,0.297358490566038,0.396760259179266,0.531823899371069
5092,malonbi01,7,696,2476,294,585,54,42,6,177.0,155.0,162,446.0,Billy,Maloney,177.0,70.0,L,R,OF,N,0.23626817447496,0.28316906747536,0.29927302100161607
2046,deckege01,7,704,2739,423,756,98,51,25,416.0,112.0,173,167.0,George,Decker,180.0,73.0,L,L,1B,N,0.276013143483023,0.319024725274725,0.376414749908726
